-- phpMyAdmin SQL Dump
-- version 4.7.4
-- https://www.phpmyadmin.net/
--
-- Host: 127.0.0.1:3306
-- Generation Time: May 13, 2019 at 10:46 AM
-- Server version: 5.7.19
-- PHP Version: 5.6.31

SET SQL_MODE = "NO_AUTO_VALUE_ON_ZERO";
SET AUTOCOMMIT = 0;
START TRANSACTION;
SET time_zone = "+00:00";


/*!40101 SET @OLD_CHARACTER_SET_CLIENT=@@CHARACTER_SET_CLIENT */;
/*!40101 SET @OLD_CHARACTER_SET_RESULTS=@@CHARACTER_SET_RESULTS */;
/*!40101 SET @OLD_COLLATION_CONNECTION=@@COLLATION_CONNECTION */;
/*!40101 SET NAMES utf8mb4 */;

--
-- Database: `qpgs`
--

-- --------------------------------------------------------

--
-- Table structure for table `add_subject`
--

DROP TABLE IF EXISTS `add_subject`;
CREATE TABLE IF NOT EXISTS `add_subject` (
  `scode` varchar(12) NOT NULL,
  `sname` varchar(60) DEFAULT NULL,
  `bid` varchar(10) DEFAULT NULL,
  PRIMARY KEY (`scode`),
  KEY `bid` (`bid`)
) ENGINE=InnoDB DEFAULT CHARSET=latin1;

--
-- Dumping data for table `add_subject`
--

INSERT INTO `add_subject` (`scode`, `sname`, `bid`) VALUES
('15CS34', 'Computer Organization', 'cs'),
('15CS42', 'Software Engineering', 'cs'),
('15CS45', 'Java', 'cs'),
('15CS71', 'Web Technology And Its Applications', 'cs'),
('15CS742', 'Cloud Computing And Its Applications', 'cs');

-- --------------------------------------------------------

--
-- Table structure for table `admin`
--

DROP TABLE IF EXISTS `admin`;
CREATE TABLE IF NOT EXISTS `admin` (
  `a_id` int(4) NOT NULL AUTO_INCREMENT,
  `email` varchar(20) NOT NULL,
  `password` varchar(512) NOT NULL,
  `username` varchar(30) NOT NULL,
  PRIMARY KEY (`a_id`)
) ENGINE=MyISAM AUTO_INCREMENT=2 DEFAULT CHARSET=latin1;

--
-- Dumping data for table `admin`
--

INSERT INTO `admin` (`a_id`, `email`, `password`, `username`) VALUES
(1, 'admin@gmail.com', 'C7AD44CBAD762A5DA0A452F9E854FDC1E0E7A52A38015F23F3EAB1D80B931DD472634DFAC71CD34EBC35D16AB7FB8A90C81F975113D6C7538DC69DD8DE9077EC', 'admin');

-- --------------------------------------------------------

--
-- Table structure for table `assign_subject`
--

DROP TABLE IF EXISTS `assign_subject`;
CREATE TABLE IF NOT EXISTS `assign_subject` (
  `fid` int(11) DEFAULT NULL,
  `fname` varchar(50) DEFAULT NULL,
  `contact` varchar(12) DEFAULT NULL,
  `email` varchar(40) DEFAULT NULL,
  `bid` varchar(10) DEFAULT NULL,
  `sname` varchar(60) DEFAULT NULL,
  `scode` varchar(12) DEFAULT NULL,
  KEY `fid` (`fid`),
  KEY `scode` (`scode`),
  KEY `bid` (`bid`)
) ENGINE=InnoDB DEFAULT CHARSET=latin1;

--
-- Dumping data for table `assign_subject`
--

INSERT INTO `assign_subject` (`fid`, `fname`, `contact`, `email`, `bid`, `sname`, `scode`) VALUES
(16, 'Balachandra c', '8886600513', 'balutech@rediffmail.com', 'cs', 'Java', '15CS45'),
(20, 'Rajesh Yakkundimath', '9481126276', 'rajeshymath@gmail.com', 'cs', 'Cloud Computing And Its Applications', '15CS742'),
(21, 'Vishwanath Kamatar', '9900182889', 'vskamatar.cs@gmail.com', 'cs', 'Web Technology And Its Applications', '15CS71'),
(19, 'Pradeep Surasura', '9916320640', 'prad.surasura@gmail.com', 'cs', 'Cloud Computing And Its Applications', '15CS742'),
(17, 'Kiran Malagi', '9480370833', 'malagikiran@gmail.com', 'cs', 'Software Engineering', '15CS42');

-- --------------------------------------------------------

--
-- Table structure for table `branch`
--

DROP TABLE IF EXISTS `branch`;
CREATE TABLE IF NOT EXISTS `branch` (
  `bid` varchar(10) NOT NULL,
  `bname` varchar(40) DEFAULT NULL,
  PRIMARY KEY (`bid`)
) ENGINE=InnoDB DEFAULT CHARSET=latin1;

--
-- Dumping data for table `branch`
--

INSERT INTO `branch` (`bid`, `bname`) VALUES
('cs', 'Computer Science Engineering'),
('cv', 'Civil Engineering'),
('ec', 'Electronics and Communication ');

-- --------------------------------------------------------

--
-- Table structure for table `faculty`
--

DROP TABLE IF EXISTS `faculty`;
CREATE TABLE IF NOT EXISTS `faculty` (
  `fid` int(11) NOT NULL AUTO_INCREMENT,
  `fname` varchar(50) DEFAULT NULL,
  `contact` varchar(12) DEFAULT NULL,
  `email` varchar(40) DEFAULT NULL,
  `bid` varchar(10) DEFAULT NULL,
  `status` varchar(3) DEFAULT NULL,
  `password` varchar(512) DEFAULT NULL,
  PRIMARY KEY (`fid`),
  KEY `bid` (`bid`)
) ENGINE=InnoDB AUTO_INCREMENT=23 DEFAULT CHARSET=latin1;

--
-- Dumping data for table `faculty`
--

INSERT INTO `faculty` (`fid`, `fname`, `contact`, `email`, `bid`, `status`, `password`) VALUES
(16, 'Balachandra c', '8886600513', 'balutech@rediffmail.com', 'cs', 'yes', 'E63B33DB203D2E573D79AD045F714897DE892DB580DFBF83ED5CB626646CA34D16A6468A0D427E221DE6AE3DC6A4FCD1810F87B5D9AF3BC0518D6B231F6225F6'),
(17, 'Kiran Malagi', '9480370833', 'malagikiran@gmail.com', 'cs', 'yes', 'B5A04A79EF8B5828F638FDFE0B4EFFD025630B9525995AB6169EA405F16F82C13529877DF9409A632E95848DFBA46D76814F2D691A608AD13DE8296446D7CC6B'),
(19, 'Pradeep Surasura', '9916320640', 'prad.surasura@gmail.com', 'cs', 'yes', '00efbb04479ed1379b5919cf8d39f5bee4632c6e55f72df9a202bd958bcea51bd83b62b45d46727f657d7cde3488b083d62d75becfb15f72f91d59be699b65de'),
(20, 'Rajesh Yakkundimath', '9481126276', 'rajeshymath@gmail.com', 'cs', 'yes', '3f2408466b45ddc6d4f0c6ce4d9f725750a455aac559fcd4dbd641a56c70652b248e6c61dff02829a53996e092cfd7c86555e36dfe765ef4c08ec33f501c686a'),
(21, 'Vishwanath Kamatar', '9900182889', 'vskamatar.cs@gmail.com', 'cs', 'yes', 'd43973affc14613c2f10756dd76dc0e0c7d8fd7ac9487c4e37ef9d80654ecb1c8a8c5f207f311d3c75670b09eda9ff9af822d430491b03e176b4f21af65d9409'),
(22, 'karuna', '984561289', 'karunagull@gmail.com', 'cs', 'no', '195db5292adee43ae3cadc7bc2c0da1a4356e92e4950c07adb192f443b90a94080ac8ea59517f24faff55110f1a03bc39956b2bebc5ba21ba605aafe5bd1fd19');

-- --------------------------------------------------------

--
-- Table structure for table `question`
--

DROP TABLE IF EXISTS `question`;
CREATE TABLE IF NOT EXISTS `question` (
  `qid` int(5) NOT NULL AUTO_INCREMENT,
  `question` varchar(2000) DEFAULT NULL,
  `difficultylevel` varchar(4) DEFAULT NULL,
  `marks` int(2) DEFAULT NULL,
  `module` int(2) DEFAULT NULL,
  `fid` int(11) DEFAULT NULL,
  `sname` varchar(60) DEFAULT NULL,
  `scode` varchar(12) DEFAULT NULL,
  `bid` varchar(10) DEFAULT NULL,
  PRIMARY KEY (`qid`),
  KEY `fid` (`fid`),
  KEY `scode` (`scode`),
  KEY `bid` (`bid`)
) ENGINE=InnoDB AUTO_INCREMENT=709 DEFAULT CHARSET=latin1;

--
-- Dumping data for table `question`
--

INSERT INTO `question` (`qid`, `question`, `difficultylevel`, `marks`, `module`, `fid`, `sname`, `scode`, `bid`) VALUES
(1, 'What is object-oriented programming?', 'L1', 4, 1, 16, 'Java', '15CS45', 'cs'),
(2, 'Write a note on Procedure-oriented programming?', 'L1', 5, 1, 16, 'Java', '15CS45', 'cs'),
(3, 'Differentiate between procedure-oriented programming and object-oriented programming?', 'L3', 6, 1, 16, 'Java', '15CS45', 'cs'),
(4, 'Differentiate between C language and  object-oriented programming?', 'L3', 5, 1, 16, 'Java', '15CS45', 'cs'),
(5, 'Define Java?', 'L1', 3, 1, 16, 'Java', '15CS45', 'cs'),
(6, 'Differentiate between java and C++?', 'L3', 5, 1, 16, 'Java', '15CS45', 'cs'),
(7, 'What is bytecode?', 'L1', 4, 1, 16, 'Java', '15CS45', 'cs'),
(8, 'List and explain the features of java?', 'L1', 10, 1, 16, 'Java', '15CS45', 'cs'),
(9, 'With the neat diagram explain java development kit?', 'L3', 8, 1, 16, 'Java', '15CS45', 'cs'),
(10, 'What is java? List the features of java?', 'L1', 5, 1, 16, 'Java', '15CS45', 'cs'),
(11, 'List and explain the primitive data types in java?', 'L2', 8, 1, 16, 'Java', '15CS45', 'cs'),
(12, 'Define variable? explain declaring and initializing the variable?', 'L1', 6, 1, 16, 'Java', '15CS45', 'cs'),
(13, 'Explain type conversion in java?', 'L2', 6, 1, 16, 'Java', '15CS45', 'cs'),
(14, 'Write a java program to convert the integer value to float value?', 'L1', 6, 1, 16, 'Java', '15CS45', 'cs'),
(15, 'Explain literals in java with examples?', 'L3', 8, 1, 16, 'Java', '15CS45', 'cs'),
(16, 'Define array? Explain one-dimensional array with an example?', 'L3', 10, 1, 16, 'Java', '15CS45', 'cs'),
(17, 'Define array? Explain multi-dimensional array with an example?', 'L3', 10, 1, 16, 'Java', '15CS45', 'cs'),
(18, 'Define the following with examples? i) Keywords  ii) Variables  iii) Type casting  iv) Strings  v) array', 'L3', 10, 1, 16, 'Java', '15CS45', 'cs'),
(19, 'List and explain different types of operators in java?', 'L2', 10, 1, 16, 'Java', '15CS45', 'cs'),
(20, 'Explain airthmetic operators and bitwise operators?', 'L2', 6, 1, 16, 'Java', '15CS45', 'cs'),
(21, 'List and Explain relational operators and boolean logical operators?', 'L2', 8, 1, 16, 'Java', '15CS45', 'cs'),
(22, 'Describe the operator presidence in java?', 'L2', 5, 1, 16, 'Java', '15CS45', 'cs'),
(23, 'Write a java program to check whether it is a leap year or not?', 'L1', 6, 2, 16, 'Java', '15CS45', 'cs'),
(24, 'Explain conditional statements with example?', 'L3', 8, 2, 16, 'Java', '15CS45', 'cs'),
(25, 'Explain nested if statement with example?', 'L3', 5, 2, 16, 'Java', '15CS45', 'cs'),
(26, 'Explain else if ladder?', 'L2', 6, 2, 16, 'Java', '15CS45', 'cs'),
(27, 'Write a note on switch statement with example?', 'L3', 8, 2, 16, 'Java', '15CS45', 'cs'),
(28, 'Write a program to perform arithmetic operation using switch statement?', 'L1', 8, 2, 16, 'Java', '15CS45', 'cs'),
(29, 'Explain nested switch statement?', 'L2', 8, 2, 16, 'Java', '15CS45', 'cs'),
(30, 'Explain iteration statements with examples?', 'L3', 10, 2, 16, 'Java', '15CS45', 'cs'),
(31, 'Explain while and do while loops?', 'L2', 6, 2, 16, 'Java', '15CS45', 'cs'),
(32, 'Define for loop? Write a program to display the given number is prime or not?', 'L1', 8, 2, 16, 'Java', '15CS45', 'cs'),
(33, 'Explain for-each statement of for loop with example?', 'L3', 6, 2, 16, 'Java', '15CS45', 'cs'),
(34, 'Differentiate between break and continue statement with examples?', 'L2', 5, 2, 16, 'Java', '15CS45', 'cs'),
(35, 'How compile once and run anywhere is implemented in java?', 'L2', 4, 1, 16, 'Java', '15CS45', 'cs'),
(36, 'Write a program to calculate the average among the elements {8, 6, 2, 7} using for each in java. How for each is different from for loop', 'L1', 6, 2, 16, 'Java', '15CS45', 'cs'),
(37, 'Explain the concepts of arrays in java with examples. Also write a program that creates and initializes a four integer elements array. Find the sum and average of its values', 'L2', 8, 2, 16, 'Java', '15CS45', 'cs'),
(38, 'Explain how java is robust and interactive?', 'L2', 5, 1, 16, 'Java', '15CS45', 'cs'),
(39, 'Write a java program to sum only first five elements of an array using for each looping', 'L1', 5, 2, 16, 'Java', '15CS45', 'cs'),
(40, 'What is class? Explain it with syntax and example', 'L1', 5, 2, 16, 'Java', '15CS45', 'cs'),
(41, 'State the features used in c++ which are not eleminated in java. why?', 'L3', 4, 1, 16, 'Java', '15CS45', 'cs'),
(42, 'Explain the structure of a java program and its keywords with an example.', 'L3', 8, 1, 16, 'Java', '15CS45', 'cs'),
(43, 'Elucidate how java is a platform independent language, with neat sketches', 'L3', 6, 1, 16, 'Java', '15CS45', 'cs'),
(44, 'Write a java program to print factorial of the number N using for loop', 'L1', 6, 2, 16, 'Java', '15CS45', 'cs'),
(45, 'Write a Java Program to Create a Simple Class to Find out the Area and Perimeter of Rectangle', 'L1', 6, 2, 16, 'Java', '15CS45', 'cs'),
(46, 'Define constructor? Explain it with a sample program', 'L1', 8, 2, 16, 'Java', '15CS45', 'cs'),
(47, 'Explain parameterized constructor with a sample program', 'L2', 8, 2, 16, 'Java', '15CS45', 'cs'),
(48, 'Explain \"this\" keyword with proper example', 'L3', 6, 2, 16, 'Java', '15CS45', 'cs'),
(49, 'Describe garbage collector in java', 'L3', 4, 2, 16, 'Java', '15CS45', 'cs'),
(50, 'When constructors are called in the class hierarchy', 'L1', 4, 2, 16, 'Java', '15CS45', 'cs'),
(51, 'Compare and construct method overloading and method overriding with suitable examples', 'L3', 6, 2, 16, 'Java', '15CS45', 'cs'),
(52, 'What is method overloading. Explain it with example', 'L3', 5, 2, 16, 'Java', '15CS45', 'cs'),
(53, 'Write a java program on method overloading', 'L1', 5, 2, 16, 'Java', '15CS45', 'cs'),
(54, 'Explain constructor overloading', 'L2', 5, 2, 16, 'Java', '15CS45', 'cs'),
(55, 'Explain method overriding', 'L2', 4, 2, 16, 'Java', '15CS45', 'cs'),
(56, 'Define recursion. Explain it with example', 'L3', 4, 2, 16, 'Java', '15CS45', 'cs'),
(57, 'List and Explain access specifiers in java', 'L2', 6, 2, 16, 'Java', '15CS45', 'cs'),
(58, 'Write a note on static function', 'L1', 4, 2, 16, 'Java', '15CS45', 'cs'),
(59, 'Explain when final keyword is used', 'L2', 4, 2, 16, 'Java', '15CS45', 'cs'),
(60, 'Write a note on nested class in java', 'L1', 4, 2, 16, 'Java', '15CS45', 'cs'),
(61, 'Write a java program to pass the arguments at run time ', 'L1', 5, 2, 16, 'Java', '15CS45', 'cs'),
(62, 'Elucidate the concept of inheritance and its classification java with sketches', 'L3', 8, 2, 16, 'Java', '15CS45', 'cs'),
(63, 'Define inheritance. List different types of inheritance', 'L2', 4, 2, 16, 'Java', '15CS45', 'cs'),
(64, 'Illustrate with example a super class variable can reference a subclass object.', 'L3', 6, 2, 16, 'Java', '15CS45', 'cs'),
(65, 'With example, give two uses of super', 'L3', 5, 2, 16, 'Java', '15CS45', 'cs'),
(66, 'How a superclass variable can reference a sub class object', 'L2', 4, 2, 16, 'Java', '15CS45', 'cs'),
(67, 'Why always immediate parent class constructor is invoked ?', 'L1', 3, 2, 16, 'Java', '15CS45', 'cs'),
(68, 'Explain multilevel hierarchy with BoxWeight program', 'L2', 10, 2, 16, 'Java', '15CS45', 'CS'),
(69, 'Define multilevel hierarchy?', 'L1', 3, 2, 16, 'Java', '15CS45', 'CS'),
(70, 'Write a java program on method overriding using runtime polymorphism', 'L1', 10, 2, 16, 'Java', '15CS45', 'CS'),
(71, 'How final keyword can be used to prevent overriding', 'L2', 3, 2, 16, 'Java', '15CS45', 'CS'),
(72, 'How the final keyword is used to prevent inheritance', 'L2', 3, 2, 16, 'Java', '15CS45', 'CS'),
(73, 'Define package. List different types of package?', 'L1', 4, 3, 16, 'Java', '15CS45', 'cs'),
(74, 'Describe the various levels of access protections available for packages and their implications', 'L3', 8, 3, 16, 'Java', '15CS45', 'cs'),
(75, 'Write a jaav program containing all the access control modifiers', 'L1', 10, 3, 16, 'Java', '15CS45', 'cs'),
(76, 'Define interface? Explain why interface is used in java', 'L2', 5, 3, 16, 'Java', '15CS45', 'cs'),
(77, 'Define package. What are the steps involved in creating user defined packadge with an example', 'L1', 5, 3, 16, 'Java', '15CS45', 'cs'),
(78, 'Explain the role of interface while implementing multiple inheritances in java', 'L2', 6, 3, 16, 'Java', '15CS45', 'cs'),
(79, 'Write a java program to define an interface called Area which contains method called compute() and calculate the areas of rectangle (c*b) and triange (1/2*b*h) using classes Rectangle and Triangle', 'L1', 8, 3, 16, 'Java', '15CS45', 'cs'),
(80, 'Explain extending the interface with an example', 'L3', 6, 3, 16, 'Java', '15CS45', 'cs'),
(81, 'Define exception. how exception can be handled explain it with syntax?', 'L2', 6, 3, 16, 'Java', '15CS45', 'cs'),
(82, 'Define the role of exception handling in software development', 'L1', 3, 3, 16, 'Java', '15CS45', 'cs'),
(83, 'Give the basic form of an exception handling block', 'L2', 4, 3, 16, 'Java', '15CS45', 'cs'),
(84, 'what is finally clause. Explain its importance', 'L2', 5, 3, 16, 'Java', '15CS45', 'cs'),
(85, 'Explain different types of exceptions with example', 'L3', 6, 3, 16, 'Java', '15CS45', 'cs'),
(86, 'Define exception. Write a program which contains one method which will throw IllegalAccessException and use proper exception handlers so that exception should be printed', 'L1', 6, 3, 16, 'Java', '15CS45', 'cs'),
(87, 'Write a java program for illustrating the exception handling when a number is divided by zero and an array has negative index value.', 'L1', 6, 3, 16, 'Java', '15CS45', 'cs'),
(88, 'Explain try catch and finally block by considering the divided-by-zero exception as example', 'L3', 5, 3, 16, 'Java', '15CS45', 'cs'),
(89, 'Explain multiple catch clause with suitable program', 'L2', 8, 3, 16, 'Java', '15CS45', 'cs'),
(90, 'Explain nested try statement with example', 'L3', 6, 3, 16, 'Java', '15CS45', 'cs'),
(91, 'Define throw statement with its syntax', 'L1', 4, 3, 16, 'Java', '15CS45', 'cs'),
(92, 'What is the necessary of throw statement and how it works in java', 'L1', 5, 3, 16, 'Java', '15CS45', 'cs'),
(93, 'What is runtime exception and where it is stored in java. List and explain six runtime exceptions in java', 'L1', 8, 3, 16, 'Java', '15CS45', 'cs'),
(94, 'Write a note on multithreaded programming model', 'L1', 5, 3, 16, 'Java', '15CS45', 'cs'),
(95, 'Explain java thread model', 'L2', 4, 3, 16, 'Java', '15CS45', 'cs'),
(96, 'Explain thread priority with proper example', 'L3', 5, 3, 16, 'Java', '15CS45', 'cs'),
(97, 'Define the concept of multi-threading and discuss briefly synchronisation in java ', 'L3', 8, 3, 16, 'Java', '15CS45', 'cs'),
(98, 'Write a program for implementing static synchronization in java', 'L1', 6, 3, 16, 'Java', '15CS45', 'cs'),
(99, 'What is main thread in java. Explain its importance with sutable program', 'L2', 8, 3, 16, 'Java', '15CS45', 'cs'),
(100, 'Elucidate the two ways of making the class threadable, with examples', 'L3', 8, 3, 16, 'Java', '15CS45', 'cs'),
(101, 'Explain runnable interface with suitable example', 'L3', 4, 3, 16, 'Java', '15CS45', 'cs'),
(102, 'How the thread can be extended. Explain it with an example', 'L3', 4, 3, 16, 'Java', '15CS45', 'cs'),
(103, 'Write and explain a java program for creating multiple threads and display them one after the other', 'L1', 8, 3, 16, 'Java', '15CS45', 'cs'),
(104, 'Define isAlive() and join() function in java. Explain them with suitable program.', 'L2', 6, 3, 16, 'Java', '15CS45', 'cs'),
(105, 'Explain thread priority in  java?', 'L2', 3, 3, 16, 'Java', '15CS45', 'cs'),
(106, 'List different types of thread priorities in java. Explain each of them with suitable example', 'L3', 10, 3, 16, 'Java', '15CS45', 'cs'),
(107, 'How synchronized method works in java. Explain', 'L2', 5, 3, 16, 'Java', '15CS45', 'cs'),
(108, 'Define the following?   i) wait().   ii) notify().   iii) notifyAll().   iv) isAlive().  v) join()', 'L1', 10, 3, 16, 'Java', '15CS45', 'cs'),
(109, 'Explain the different phases in the life cycle of a thread with a neat sketch', 'L3', 8, 4, 16, 'Java', '15CS45', 'cs'),
(110, 'Explain suspending, resuming and stopping threads in java', 'L2', 6, 4, 16, 'Java', '15CS45', 'cs'),
(111, 'Explain the modern way of suspending, resuming and stopping threads in java with example', 'L3', 6, 4, 16, 'Java', '15CS45', 'cs'),
(112, 'Explain the role of synchronization with producer and consumer problem', 'L2', 8, 4, 16, 'Java', '15CS45', 'cs'),
(113, 'What are the differences between suspending and stopping the threads?', 'L1', 5, 4, 16, 'Java', '15CS45', 'cs'),
(114, 'Explain deligation event model?', 'L2', 5, 4, 16, 'Java', '15CS45', 'cs'),
(115, 'Define the following?   i) Events.   ii) Event Sources.   iii) Event Listeners.   iv) Event classes', 'L1', 8, 4, 16, 'Java', '15CS45', 'cs'),
(116, 'Define event. Explain event source with its syntax', 'L2', 6, 4, 16, 'Java', '15CS45', 'cs'),
(117, 'Define event classes. List different types of event classes in java', 'L1', 6, 4, 16, 'Java', '15CS45', 'cs'),
(118, 'Explain key events and mouse event class with examples', 'L3', 8, 4, 16, 'Java', '15CS45', 'cs'),
(119, 'Describe the deligation event model and explain what happens internally at a button click', 'L2', 8, 4, 16, 'Java', '15CS45', 'cs'),
(120, 'Describe the deligation event model and explain what happens internally at a button click', 'L2', 8, 4, 16, 'Java', '15CS45', 'cs'),
(121, 'Explain action event and input event classes?', 'L2', 5, 4, 16, 'Java', '15CS45', 'cs'),
(122, 'List the different methods in mouse event class', 'L1', 4, 4, 16, 'Java', '15CS45', 'cs'),
(123, 'List and explain the sources of events', 'L2', 6, 4, 16, 'Java', '15CS45', 'cs'),
(124, 'List and explain constraints in window event class', 'L2', 4, 4, 16, 'Java', '15CS45', 'cs'),
(125, 'Define event listener interface. List different types of event listener interface in java', 'L1', 6, 4, 16, 'Java', '15CS45', 'cs'),
(126, 'Define the following listener interfaces.    i) Action.   ii) Component.   iii) Container.   iv) Item.   v)Window', 'L1', 10, 4, 16, 'Java', '15CS45', 'cs'),
(127, 'Define key listener interface and mouse listener interface', 'L1', 5, 4, 16, 'Java', '15CS45', 'cs'),
(128, 'How to handle the mouse events explain with example', 'L3', 8, 4, 16, 'Java', '15CS45', 'cs'),
(129, 'Write a java program to handle mouse events by using all constraints of mouse events', 'L1', 8, 4, 16, 'Java', '15CS45', 'cs'),
(130, 'Write a java program to handle keyboard events by using all constraints of keyboard events', 'L1', 8, 4, 16, 'Java', '15CS45', 'cs'),
(131, 'Explain the adaptor class with an example', 'L3', 4, 4, 16, 'Java', '15CS45', 'cs'),
(132, 'Explain inner class with example', 'L3', 5, 4, 16, 'Java', '15CS45', 'cs'),
(133, 'Define anonymous inner class with example', 'L3', 6, 4, 16, 'Java', '15CS45', 'cs'),
(134, 'Define applet. Explain two types of applets with example', 'L3', 5, 4, 16, 'Java', '15CS45', 'cs'),
(135, 'How applets can be created in java explain', 'L2', 4, 4, 16, 'Java', '15CS45', 'cs'),
(136, 'List and explain different methods in applet class', 'L2', 10, 4, 16, 'Java', '15CS45', 'cs'),
(137, 'Write a note on applet architecture', 'L1', 4, 4, 16, 'Java', '15CS45', 'cs'),
(138, 'Explain five methods of applet skeleton with example', 'L3', 5, 4, 16, 'Java', '15CS45', 'cs'),
(139, 'What are applets ? Explain different stages in the life cycle of an applet', 'L2', 5, 4, 16, 'Java', '15CS45', 'cs'),
(140, 'Describe simple applet display methods', 'L3', 6, 4, 16, 'Java', '15CS45', 'cs'),
(141, 'Explain requesting repainting in java', 'L2', 5, 5, 16, 'Java', '15CS45', 'cs'),
(142, 'Write a java program on simple banner applet', 'L1', 8, 5, 16, 'Java', '15CS45', 'cs'),
(143, 'Define status window. Explain it with example', 'L3', 6, 5, 16, 'Java', '15CS45', 'cs'),
(144, 'Define applet tag and explain its parts', 'L2', 8, 5, 16, 'Java', '15CS45', 'cs'),
(145, 'Write a java program to demonstrate how to pass parameters for font size and font name in applets', 'L1', 6, 5, 16, 'Java', '15CS45', 'cs'),
(146, 'Explain getDocumentbase and getCodebase in applet class', 'L2', 8, 5, 16, 'Java', '15CS45', 'cs'),
(147, 'Write and explain a java program for appletContext and showDocument() to display an html file', 'L3', 8, 5, 16, 'Java', '15CS45', 'cs'),
(148, 'Write a java program to play an audio file using applet', 'L1', 8, 5, 16, 'Java', '15CS45', 'cs'),
(149, 'How to provide output to the console explain', 'L2', 4, 5, 16, 'Java', '15CS45', 'cs'),
(150, 'Write the advantages of swing over AWT', 'L1', 4, 5, 16, 'Java', '15CS45', 'cs'),
(151, 'Write a brief note on constraints in swings', 'L1', 5, 5, 16, 'Java', '15CS45', 'cs'),
(152, 'Define components in swings. List the different types of classes for swing components', 'L1', 5, 5, 16, 'Java', '15CS45', 'cs'),
(153, 'Write a java program on simple swing application by using JFrame and JLable components', 'L1', 6, 5, 16, 'Java', '15CS45', 'cs'),
(154, 'Explain creating a swing applet with sample program', 'L2', 10, 5, 16, 'Java', '15CS45', 'cs'),
(155, 'Write a java program by creating class called PaintPanel that extends JPanel to compute the paintable area.', 'L1', 10, 5, 16, 'Java', '15CS45', 'cs'),
(156, 'Explain JLabel and ImageIcon with program', 'L2', 6, 5, 16, 'Java', '15CS45', 'cs'),
(157, 'Explain JTextField with program', 'L2', 6, 5, 16, 'Java', '15CS45', 'cs'),
(158, 'Explain the following with example i) Jlabel. ii) JTextField.	iii) JButton. iv) JCheckBox. v) JToggleButton.', 'L3', 10, 5, 16, 'Java', '15CS45', 'cs'),
(159, 'List and explain different swing buttons in java', 'L2', 8, 5, 16, 'Java', '15CS45', 'cs'),
(160, 'Explain JTabbed panel with example', 'L3', 8, 5, 16, 'Java', '15CS45', 'cs'),
(161, 'Explain JScrollPane with example', 'L3', 6, 5, 16, 'Java', '15CS45', 'cs'),
(162, 'Write and explain java program to demonstrate JList class', 'L2', 10, 5, 16, 'Java', '15CS45', 'cs'),
(163, 'Create a swing applet that has two buttons names beta and gamma. When either of the buttons pressed, It should display \"beta pressed\" and \"gamma was pressed\" respectively.', 'L3', 8, 5, 16, 'Java', '15CS45', 'cs'),
(164, 'Explain steps to create JTable with proper example', 'L3', 5, 5, 16, 'Java', '15CS45', 'cs'),
(165, 'Define JTree in swings. Explain the use of it.', 'L2', 5, 5, 16, 'Java', '15CS45', 'cs'),
(166, 'Design a code to demonstrate JTree in java', 'L3', 5, 5, 16, 'Java', '15CS45', 'cs'),
(167, 'Define JTable in java and demonstrate its working', 'L1', 6, 5, 16, 'Java', '15CS45', 'cs'),
(168, 'What is software engineering?', 'L1', 3, 1, 17, 'Software Engineering', '15CS42', 'cs'),
(169, 'What are the two factors for software failures?', 'L1', 4, 1, 17, 'Software Engineering', '15CS42', 'cs'),
(170, 'Define the following.    i) Software process.    ii) Software Engineering.    iii) Software.', 'L1', 6, 1, 17, 'Software Engineering', '15CS42', 'cs'),
(171, 'What are the attributes of a good software?', 'L1', 8, 1, 17, 'Software Engineering', '15CS42', 'cs'),
(172, 'List and Explain two kinds of software products', 'L2', 4, 1, 17, 'Software Engineering', '15CS42', 'cs'),
(173, 'Why software engineering is important? Explain four fundamental activities of software process?', 'L2', 5, 1, 17, 'Software Engineering', '15CS42', 'cs'),
(174, 'How software engineering is related to computer science and system engineering?', 'L1', 5, 1, 17, 'Software Engineering', '15CS42', 'cs'),
(175, 'List and explain the issues that affect different types of software?', 'L2', 6, 1, 17, 'Software Engineering', '15CS42', 'cs'),
(176, 'Explain different types of applications where the software engineering methods and techniques are important?', 'L2', 8, 1, 17, 'Software Engineering', '15CS42', 'cs'),
(177, 'Explain four professional and ethical responsibilities of a software engineer', 'L2', 4, 1, 17, 'Software Engineering', '15CS42', 'cs'),
(178, 'Illustrate software engineering with different types of systems?', 'L1', 6, 1, 17, 'Software Engineering', '15CS42', 'cs'),
(179, 'Explain how the universal use of the web has changed software system?', 'L2', 5, 1, 17, 'Software Engineering', '15CS42', 'cs'),
(180, 'With the neat diagram explain insulin pump control system', 'L3', 8, 1, 17, 'Software Engineering', '15CS42', 'cs'),
(181, 'Explain MHC-PMS with the neat block diagram?', 'L3', 8, 1, 17, 'Software Engineering', '15CS42', 'cs'),
(182, 'With the neat diagram explain wilderness weather station', 'L3', 6, 1, 17, 'Software Engineering', '15CS42', 'cs'),
(183, 'Define software process? What are the four fundamental activities of software process?', 'L1', 6, 1, 17, 'Software Engineering', '15CS42', 'cs'),
(184, 'What is software process model? Explain the types of software process model?', 'L2', 6, 1, 17, 'Software Engineering', '15CS42', 'cs'),
(185, 'Differentiate between software engineering and system engineering?', 'L3', 4, 1, 17, 'Software Engineering', '15CS42', 'cs'),
(186, 'Explain waterfall model. Mention the advantages and disadvantages of waterfall model?', 'L3', 8, 1, 17, 'Software Engineering', '15CS42', 'cs'),
(187, 'Write a note on inceremental development?', 'L1', 8, 1, 17, 'Software Engineering', '15CS42', 'cs'),
(188, 'Explain the advantages of incremental development model over waterfall model', 'L2', 5, 1, 17, 'Software Engineering', '15CS42', 'cs'),
(189, 'With block diagram, Explain reuse-oriented software engineering?', 'L3', 6, 1, 17, 'Software Engineering', '15CS42', 'cs'),
(190, 'Explain the requirement engineering process with its four phases', 'L2', 6, 1, 17, 'Software Engineering', '15CS42', 'cs'),
(191, 'Define software process, with the neat diagram explain design process for information system', 'L3', 8, 1, 17, 'Software Engineering', '15CS42', 'cs'),
(192, 'Explain software validation with a neat block diagram?', 'L3', 5, 1, 17, 'Software Engineering', '15CS42', 'cs'),
(193, 'Explain the testing phase in a plan driven software process', 'L2', 8, 1, 17, 'Software Engineering', '15CS42', 'cs'),
(194, 'Differentiate between software validation and software evolution with example', 'L3', 5, 1, 17, 'Software Engineering', '15CS42', 'cs'),
(195, 'Explain software evolution with its block diagram', 'L3', 6, 1, 17, 'Software Engineering', '15CS42', 'cs'),
(196, 'What are the different checks to be carried out during requirement validation process', 'L1', 5, 1, 17, 'Software Engineering', '15CS42', 'cs'),
(197, 'Explain the process of prototype development?', 'L2', 6, 1, 17, 'Software Engineering', '15CS42', 'cs'),
(198, 'With the block diagram explain incremental delivery?', 'L3', 5, 1, 17, 'Software Engineering', '15CS42', 'cs'),
(199, 'What are the advantages and disadvantages of incremental delivery?', 'L1', 6, 1, 17, 'Software Engineering', '15CS42', 'cs'),
(200, 'With the neat block diagram explain spiral process model?', 'L3', 8, 1, 17, 'Software Engineering', '15CS42', 'cs'),
(201, 'With the neat block diagram explain the phases of rational unified process?', 'L3', 6, 1, 17, 'Software Engineering', '15CS42', 'cs'),
(202, 'Differentiate between functional and non-functional requirements with a neat block diagram', 'L3', 10, 1, 17, 'Software Engineering', '15CS42', 'cs'),
(203, 'Write the structure of the requirement document as suggested by IEEE standards', 'L1', 10, 1, 17, 'Software Engineering', '15CS42', 'cs'),
(204, 'What is requirement specification? Explain various ways of writing system requirements?', 'L2', 6, 1, 17, 'Software Engineering', '15CS42', 'cs'),
(205, 'With appropriate block diagram explain briefly the requirement engineering process or software specification activities', 'L2', 6, 1, 17, 'Software Engineering', '15CS42', 'cs'),
(206, 'List atleast five stake holders for an automated university examination system. Classify the identified stake holders under different view points.', 'L1', 10, 1, 17, 'Software Engineering', '15CS42', 'cs'),
(207, 'Write a note on requirements elicitation and analysis.', 'L1', 8, 1, 17, 'Software Engineering', '15CS42', 'cs'),
(208, 'Explain briefly the techniques of requirements discory', 'L2', 10, 1, 17, 'Software Engineering', '15CS42', 'cs'),
(209, 'Explain the following.  i) Ethnography.  ii) Scenarios.', 'L2', 6, 1, 17, 'Software Engineering', '15CS42', 'cs'),
(210, 'Explain requirement validation with neat block diagram?', 'L3', 10, 1, 17, 'Software Engineering', '15CS42', 'cs'),
(211, 'Write a note on requirement management planning and explain its importance', 'L2', 8, 1, 17, 'Software Engineering', '15CS42', 'cs'),
(212, 'Write a short note on context model', 'L1', 6, 2, 17, 'Software Engineering', '15CS42', 'cs'),
(213, 'Explain the process model of involuntary detention with its block diagram', 'L3', 8, 2, 17, 'Software Engineering', '15CS42', 'cs'),
(214, 'What are the two approaches for interaction modeling?', 'L1', 4, 2, 17, 'Software Engineering', '15CS42', 'cs'),
(215, 'Why usecase modeling is necessary and how it can be drawn.', 'L1', 5, 2, 17, 'Software Engineering', '15CS42', 'cs'),
(216, 'Write a note on transfer data use case by explaining the role of medical receptionist with a neat block diagram', 'L3', 6, 2, 17, 'Software Engineering', '15CS45', 'cs'),
(217, 'What is sequence diagram? Why it is necessary', 'L1', 5, 2, 17, 'Software Engineering', '15CS45', 'cs'),
(218, 'Draw a sequence diagram to view patient information and explain.', 'L3', 6, 2, 17, 'Software Engineering', '15CS45', 'cs'),
(219, 'Draw a sequence diagram for transferring the data by a medical receptionist and explain briefly', 'L3', 8, 2, 17, 'Software Engineering', '15CS45', 'cs'),
(220, 'What are structural models explain briefly', 'L2', 6, 2, 17, 'Software Engineering', '15CS45', 'cs'),
(221, 'Explain the terms class diagrams, generalization and aggregation', 'L2', 6, 2, 17, 'Software Engineering', '15CS45', 'cs'),
(222, 'Describe with a neat diagram how the objects of class patients are involved in relationships with the number of other classes', 'L3', 5, 2, 17, 'Software Engineering', '15CS45', 'cs'),
(223, 'What is generalization? Explain', 'L2', 5, 2, 17, 'Software Engineering', '15CS45', 'cs'),
(224, 'Write a short note on behavioral models', 'L1', 8, 2, 17, 'Software Engineering', '15CS45', 'cs'),
(225, 'Briefly explain the data driven modeling with workflow of insulin pump and order processing', 'L2', 10, 2, 17, 'Software Engineering', '15CS45', 'cs'),
(226, 'Differentiate between data driven modeling and event driven modeling', 'L3', 5, 2, 17, 'Software Engineering', '15CS45', 'cs'),
(227, 'Draw a state diagram of microwave oven and explain briefly', 'L3', 10, 2, 17, 'Software Engineering', '15CS45', 'cs'),
(228, 'Explain briefly the operation of microwave oven', 'L2', 8, 2, 17, 'Software Engineering', '15CS45', 'cs'),
(229, 'Write a short notes on model driven engineering?', 'L1', 6, 2, 17, 'Software Engineering', '15CS45', 'cs'),
(230, 'Explain model driven architecture with a neat block diagram?', 'L3', 8, 2, 17, 'Software Engineering', '15CS45', 'cs'),
(231, 'Explain model driven architecture with multiple platform-specific models', 'L2', 8, 2, 17, 'Software Engineering', '15CS45', 'cs'),
(232, 'Briefly explain the executable UML?', 'L2', 4, 2, 17, 'Software Engineering', '15CS45', 'cs'),
(233, 'List out all the activities in an object-oriented design process?', 'L1', 4, 2, 17, 'Software Engineering', '15CS45', 'cs'),
(234, 'What are the things to be done for the design of object oriented system? How the objects are identified', 'L1', 5, 2, 17, 'Software Engineering', '15CS42', 'cs'),
(235, 'Describe how weather station interacts with weather information system?', 'L3', 6, 2, 17, 'Software Engineering', '15CS42', 'cs'),
(236, 'Write a short note on high-level architectural design of the weather station', 'L1', 8, 2, 17, 'Software Engineering', '15CS42', 'cs'),
(237, 'Write a short note on object class identification', 'L1', 6, 2, 17, 'Software Engineering', '15CS42', 'cs'),
(238, 'Explain the proposals made to identify the object classses in object-oriented systems', 'L2', 5, 2, 17, 'Software Engineering', '15CS42', 'cs'),
(239, 'List different types of objects in a weather station and explain each of them briefly', 'L2', 5, 2, 17, 'Software Engineering', '15CS42', 'cs'),
(240, 'Write a short note on design models', 'L1', 8, 2, 17, 'Software Engineering', '15CS42', 'cs'),
(241, 'With a sequence diagram explain the data collection of weather information syatem?', 'L3', 10, 2, 17, 'Software Engineering', '15CS42', 'cs'),
(242, 'Explain how the weather station system responds to the request for various services.', 'L2', 8, 2, 17, 'Software Engineering', '15CS42', 'cs'),
(243, 'Explain how the components can be interfaced in a weather station?', 'L2', 6, 2, 17, 'Software Engineering', '15CS42', 'cs'),
(244, 'Describe briefly the design patterns of observer?', 'L3', 4, 2, 17, 'Software Engineering', '15CS42', 'cs'),
(245, 'Explain how the observer pattern can be represented?', 'L2', 6, 2, 17, 'Software Engineering', '15CS42', 'cs'),
(246, 'List and explain the issues occures during implementation?', 'L2', 4, 2, 17, 'Software Engineering', '15CS42', 'cs'),
(247, 'Define reuse? Describe how software reuse is possible in different levels', 'L3', 6, 2, 17, 'Software Engineering', '15CS42', 'cs'),
(248, 'Defin configuration management system? Describe the three fundamental activities of configuration management system?', 'L3', 4, 2, 17, 'Software Engineering', '15CS42', 'cs'),
(249, 'Write a short note on open source development?', 'L1', 5, 2, 17, 'Software Engineering', '15CS42', 'cs'),
(250, 'What is open source licensing? How open source liceances are derived?', 'L2', 4, 2, 17, 'Software Engineering', '15CS42', 'cs'),
(251, 'Describe bayersdorfer suggestions on open source licensing?', 'L3', 6, 2, 17, 'Software Engineering', '15CS42', 'cs'),
(252, 'Define software testing? what are the two goals of it?', 'L1', 4, 3, 17, 'Software Engineering', '15CS42', 'cs'),
(253, 'Differentiate between validation and defect testing with a neat block diagram?', 'L3', 5, 3, 17, 'Software Engineering', '15CS42', 'cs'),
(254, 'Explain verification and validation with 3 key points?', 'L2', 5, 3, 17, 'Software Engineering', '15CS42', 'cs'),
(255, 'Explain how software inspections and testing support verification and validation at different stages in the software process?', 'L2', 6, 3, 17, 'Software Engineering', '15CS42', 'cs'),
(256, 'List and explain the advantages of software inspection over testing?', 'L2', 5, 3, 17, 'Software Engineering', '15CS42', 'cs'),
(257, 'Explain the traditional testing process with a neat block diagram.', 'L3', 8, 3, 17, 'Software Engineering', '15CS42', 'cs'),
(258, 'Write a note on development testing? What are the three levels of granularity?', 'L1', 6, 3, 17, 'Software Engineering', '15CS42', 'cs'),
(259, 'Explain unit testing by taking weather station as an example?', 'L3', 8, 3, 17, 'Software Engineering', '15CS42', 'cs'),
(260, 'Describe the two important unit test cases', 'L3', 3, 3, 17, 'Software Engineering', '15CS42', 'cs'),
(261, 'Define partition testing and explain equivalence partitioning?', 'L2', 8, 3, 17, 'Software Engineering', '15CS42', 'cs'),
(262, 'How the testing guidelines can be helpful to reveal defects? Explain', 'L2', 4, 3, 17, 'Software Engineering', '15CS42', 'cs'),
(263, 'Define component testing? Explain how it works with an example?', 'L3', 6, 3, 17, 'Software Engineering', '15CS42', 'cs'),
(264, 'What are the different types of interfaces occurs in an component testing?', 'L1', 5, 3, 17, 'Software Engineering', '15CS42', 'cs'),
(265, 'Discribe briefly different types of errors in an interface testing?', 'L3', 5, 3, 17, 'Software Engineering', '15CS42', 'cs'),
(266, 'Explain the general guidelines for interface testing?', 'L2', 6, 3, 17, 'Software Engineering', '15CS42', 'cs'),
(267, 'Differentiate between system testing and component testing?', 'L3', 4, 3, 17, 'Software Engineering', '15CS42', 'cs'),
(268, 'Write a short note on system testing.', 'L1', 8, 3, 17, 'Software Engineering', '15CS42', 'cs'),
(269, 'Write a short note on test drive development (TDD)? Explain the activities and benefits of TDD', 'L2', 8, 3, 17, 'Software Engineering', '15CS42', 'cs'),
(270, 'What is release testing? What are the two important differences between release testing and system testing during development process?', 'L1', 5, 3, 17, 'Software Engineering', '15CS42', 'cs'),
(271, 'Write a short note on requirement based testing?', 'L1', 6, 3, 17, 'Software Engineering', '15CS42', 'cs'),
(272, 'Explain scenario testing by taking MHC-PMs as an example?', 'L3', 6, 3, 17, 'Software Engineering', '15CS42', 'cs'),
(273, 'Explain performance testing. What are the two functions of it.', 'L2', 8, 3, 17, 'Software Engineering', '15CS42', 'cs'),
(274, 'Write a short note on user testing? Define three different types of user testing?', 'L1', 8, 3, 17, 'Software Engineering', '15CS42', 'cs'),
(275, 'With a neat block diagram explain the six stages of acceptance testing process?', 'L3', 8, 3, 17, 'Software Engineering', '15CS42', 'cs'),
(276, 'Differentiate between alpha testing and beta testing', 'L3', 4, 3, 17, 'Software Engineering', '15CS42', 'cs'),
(277, 'With neat diagram explain spiral model?', 'L3', 6, 3, 17, 'Software Engineering', '15CS42', 'cs'),
(278, 'With the appropriate block diagram explain the software evolution process?', 'L3', 6, 3, 17, 'Software Engineering', '15CS42', 'cs'),
(279, 'Define \"program evolution dynamics\". Discuss Lehman laws for program evolution dynamics', 'L3', 10, 3, 17, 'Software Engineering', '15CS42', 'cs'),
(280, 'Write a short note on software maintenance. List the three different types of software maintenance', 'L1', 6, 3, 17, 'Software Engineering', '15CS42', 'cs'),
(281, 'Explain how the maintenance effort can be distributed?', 'L2', 6, 3, 17, 'Software Engineering', '15CS42', 'cs'),
(282, 'Explain how adding the functionality is more expensive after a system is in operation then to implement the same functionality during development?', 'L2', 5, 3, 17, 'Software Engineering', '15CS42', 'cs'),
(283, 'Write a short notes on maintenance prediction?', 'L1', 6, 3, 17, 'Software Engineering', '15CS42', 'cs'),
(284, 'Define software reengineering with its benefits? Explain five activities in the reengineering process', 'L2', 8, 3, 17, 'Software Engineering', '15CS42', 'cs'),
(285, 'Write a short on refactoring over preventative maintenance?', 'L1', 5, 3, 17, 'Software Engineering', '15CS42', 'cs'),
(286, 'Define legacy system? Explain the four components of legacy system.', 'L2', 6, 3, 17, 'Software Engineering', '15CS42', 'cs'),
(287, 'Explain the four basic issues in the legacy system', 'L2', 4, 3, 17, 'Software Engineering', '15CS42', 'cs'),
(288, 'What are the factors used during environmental assessment and application assessment', 'L1', 8, 3, 17, 'Software Engineering', '15CS42', 'cs'),
(289, 'Write a short note on project planning?', 'L1', 6, 4, 17, 'Software Engineering', '15CS42', 'cs'),
(290, 'Define software pricing? What are the issues in project pricing explain with example?', 'L3', 5, 4, 17, 'Software Engineering', '15CS42', 'cs'),
(291, 'Define project planning? List and explain factors affecting software pricing?', 'L2', 6, 4, 17, 'Software Engineering', '15CS42', 'cs'),
(292, 'Write a note on plan-driven development?', 'L1', 4, 4, 17, 'Software Engineering', '15CS42', 'cs'),
(293, 'Define project plan? What are the criterias available for project plans?', 'L1', 8, 4, 17, 'Software Engineering', '15CS42', 'cs'),
(294, 'List and explain the supplements for project plan?', 'L2', 6, 4, 17, 'Software Engineering', '15CS42', 'cs'),
(295, 'With the neat block diagram explain the planning process of the project?', 'L3', 8, 4, 17, 'Software Engineering', '15CS42', 'cs'),
(296, 'Explain project scheduling?', 'L2', 5, 4, 17, 'Software Engineering', '15CS42', 'cs'),
(297, 'Define project scheduling? Explain the scheduling process with the neat block diagram.', 'L3', 6, 4, 17, 'Software Engineering', '15CS42', 'cs'),
(298, 'Draw the activity network and the activity bar chart for the following task durations and dependencies. i) task=T1 to T12. ii) Duration(days)=\"8, 15, 15, 10, 10, 05, 20, 25, 15, 15, 07, 10\". iii) Dependencies=\"T3=T1(M1), T5=T2,T4(M2), T6=T1,T2(M3), T7=T1(M1), T8=T4(M5), T9=T3,T6(M4), T10=T5,T7(M7), T11=T9(M6), T12=T11(M8).\".', 'L3', 10, 4, 17, 'Software Engineering', '15CS42', 'cs'),
(299, 'Explain agile planning with a neat block diagram?', 'L3', 6, 4, 17, 'Software Engineering', '15CS42', 'cs'),
(300, 'Define Estimation techniques and its types?', 'L1', 5, 4, 17, 'Software Engineering', '15CS42', 'cs'),
(301, 'Explain estimation uncertainity with a neat block diagram?', 'L3', 4, 4, 17, 'Software Engineering', '15CS42', 'cs'),
(302, 'List and explain various COCOMO cost estimation models?', 'L2', 10, 4, 17, 'Software Engineering', '15CS42', 'cs'),
(303, 'Wxplain algorithmic cost modeling?', 'L2', 6, 4, 17, 'Software Engineering', '15CS42', 'cs'),
(304, 'What are the similar problems faced by all the algorithms explain', 'L2', 4, 4, 17, 'Software Engineering', '15CS42', 'cs'),
(305, 'Define COCOMO II model? Explain the submodels of cocomo II model', 'L2', 8, 4, 17, 'Software Engineering', '15CS42', 'cs'),
(306, 'Write a short note on application composition model?', 'L1', 5, 4, 17, 'Software Engineering', '15CS42', 'cs'),
(307, 'Write a short note on early design model?', 'L1', 8, 4, 17, 'Software Engineering', '15CS42', 'cs'),
(308, 'Explain reuse model with its equation', 'L2', 8, 4, 17, 'Software Engineering', '15CS42', 'cs'),
(309, 'Explain post architectural model?', 'L2', 8, 4, 17, 'Software Engineering', '15CS42', 'cs'),
(310, 'Define post architectural model? What are the factors used in the post architectural model?', 'L1', 6, 4, 17, 'Software Engineering', '15CS42', 'cs'),
(311, 'How the time and effort can estimated to complete the project?', 'L2', 5, 4, 17, 'Software Engineering', '15CS42', 'cs'),
(312, 'Define software quality? Explain the three priciplas for software quality management', 'L1', 4, 4, 17, 'Software Engineering', '15CS42', 'cs'),
(313, 'With a neat block diagram explain how the quality of the project is managed?', 'L3', 8, 4, 17, 'Software Engineering', '15CS42', 'cs'),
(314, 'Define quality plain and explain its structure?', 'L2', 6, 4, 17, 'Software Engineering', '15CS42', 'cs'),
(315, 'Define software quality? List the attributes of software quality?', 'L1', 5, 4, 17, 'Software Engineering', '15CS42', 'cs'),
(316, 'With a neat block diagram explain the process based approach for achieving the product quality?', 'L3', 8, 4, 17, 'Software Engineering', '15CS42', 'cs'),
(317, 'Define software standards? Explain why software standard is important?', 'L2', 5, 4, 17, 'Software Engineering', '15CS42', 'cs'),
(318, 'Differentiate between product standards and process standards?', 'L3', 6, 4, 17, 'Software Engineering', '15CS42', 'cs'),
(319, 'Explain ISO 9001 core processes with a neat block diagram', 'L3', 10, 4, 17, 'Software Engineering', '15CS42', 'cs'),
(320, 'Explain the relationship between organizational quality manuals and individual project quality plans  with neat block diagram', 'L3', 6, 4, 17, 'Software Engineering', '15CS42', 'cs'),
(321, 'Differentiate between quality review and inspection', 'L3', 5, 4, 17, 'Software Engineering', '15CS42', 'cs'),
(322, 'Write a short note on software review process', 'L1', 8, 4, 17, 'Software Engineering', '15CS42', 'cs'),
(323, 'Explain the possible checks that can be made during the inspection?', 'L2', 6, 4, 17, 'Software Engineering', '15CS42', 'cs'),
(324, 'List out the questions to be answered by the quality management team to divide whether or not the software is fit for its intended purpose', 'L1', 6, 4, 17, 'Software Engineering', '15CS42', 'cs'),
(325, 'Write a short note on software measurement?', 'L1', 6, 4, 17, 'Software Engineering', '15CS42', 'cs'),
(326, 'Explain the relationship between internal and external software', 'L2', 5, 4, 17, 'Software Engineering', '15CS42', 'cs'),
(327, 'What is product metrics? Explain the two classes of metrics', 'L2', 4, 4, 17, 'Software Engineering', '15CS42', 'cs'),
(328, 'With a neat block diagram explain the key stages of component measurement process', 'L3', 8, 4, 17, 'Software Engineering', '15CS42', 'cs'),
(329, 'What is system building? State the features available in the system building tools?', 'L1', 8, 4, 17, 'Software Engineering', '15CS42', 'cs'),
(330, 'How the ambiguity can be arrived during the measurement? Explain', 'L2', 4, 4, 17, 'Software Engineering', '15CS42', 'cs'),
(331, 'Describe the fundamental characteristics of software development process?', 'L3', 5, 5, 17, 'Software Engineering', '15CS42', 'cs'),
(332, 'Write a short note on agile software development?', 'L1', 6, 5, 17, 'Software Engineering', '15CS42', 'cs'),
(333, 'State the principles of agile methods', 'L3', 5, 5, 17, 'Software Engineering', '15CS42', 'cs'),
(334, 'Explain the difficulties faced by the principles of agile method?', 'L2', 6, 5, 17, 'Software Engineering', '15CS42', 'cs'),
(335, 'Differentiate between plan-driven and agile development method?', 'L3', 6, 5, 17, 'Software Engineering', '15CS42', 'cs'),
(336, 'What are the technical, human and organizational questions arise to make balance between plan-based and agile approach?', 'L1', 8, 5, 17, 'Software Engineering', '15CS42', 'cs'),
(337, 'With a neat block diagram explain the release cycle of extreme programming', 'L3', 6, 5, 17, 'Software Engineering', '15CS42', 'cs'),
(338, 'Define extereme programming? Explain its practices which reflects the principles of agile method.', 'L2', 8, 5, 17, 'Software Engineering', '15CS42', 'cs'),
(339, 'List and explain all the key features of testing in xp?', 'L2', 5, 5, 17, 'Software Engineering', '15CS42', 'cs'),
(340, 'What is pair programming? List the advantages of pair programming?', 'L1', 5, 5, 17, 'Software Engineering', '15CS42', 'cs'),
(341, 'Define SCRUM? Draw and explain the block diagram of SCRUM?', 'L3', 8, 5, 17, 'Software Engineering', '15CS42', 'cs'),
(342, 'Explain the key characteristics of SCRUM process', 'L2', 6, 5, 17, 'Software Engineering', '15CS42', 'cs'),
(343, 'Explain the advantages of SCRUM process?', 'L2', 5, 5, 17, 'Software Engineering', '15CS42', 'cs'),
(344, 'Explain how the agile methods are scaled?', 'L2', 5, 5, 17, 'Software Engineering', '15CS42', 'cs'),
(345, 'Explain how the large software system development is different from small system development', 'L2', 8, 5, 17, 'Software Engineering', '15CS42', 'cs'),
(346, 'What are the difficulties may arise while introducing the agile method  into large companies?', 'L1', 5, 5, 17, 'Software Engineering', '15CS42', 'cs'),
(347, 'State the coping of agile methods for large systems?', 'L3', 5, 5, 17, 'Software Engineering', '15CS42', 'cs'),
(348, 'Explain the ways of coping with change and reduction of rework cost?', 'L2', 6, 5, 17, 'Software Engineering', '15CS42', 'cs'),
(349, 'Draw the block diagram and explain the process of prototype development?', 'L3', 8, 5, 17, 'Software Engineering', '15CS42', 'cs'),
(350, 'What are benefits of prototype development? write a note on throw away prototype?', 'L1', 6, 5, 17, 'Software Engineering', '15CS42', 'cs'),
(351, 'What is cloud computing?', 'L1', 4, 1, 19, 'Cloud Computing And Its Applications', '15CS742', 'cs'),
(352, 'Explain the Vision of Cloud Computing.', 'L2', 5, 1, 19, 'Cloud Computing And Its Applications', '15CS742', 'cs'),
(353, 'With a neat diagram explain Cloud-Computing reference model.', 'L3', 6, 1, 19, 'Cloud Computing And Its Applications', '15CS742', 'cs'),
(354, 'Explain the Characteristics and Benefits of Cloud Computing. ', 'L2', 6, 1, 19, 'Cloud Computing And Its Applications', '15CS742', 'cs'),
(355, 'Discuss the problems and challenges posed to the Cloud Community. ', 'L2', 5, 1, 19, 'Cloud Computing And Its Applications', '15CS742', 'cs'),
(356, 'Provide a brief characterization of a distributed system. ', 'L2', 8, 1, 19, 'Cloud Computing And Its Applications', '15CS742', 'cs'),
(357, 'What is virtualization? ', 'L1', 5, 1, 19, 'Cloud Computing And Its Applications', '15CS742', 'cs'),
(358, 'What is the major revolution introduced by Web 2.0? ', 'L1', 4, 1, 19, 'Cloud Computing And Its Applications', '15CS742', 'cs'),
(359, 'Give some examples of Web 2.0 applications. ', 'L3', 5, 1, 19, 'Cloud Computing And Its Applications', '15CS742', 'cs'),
(360, 'Describe the main characteristics of service orientation', 'L2', 6, 1, 19, 'Cloud Computing And Its Applications', '15CS742', 'cs'),
(361, 'Explain Utility-Oriented Computing. ', 'L2', 5, 1, 19, 'Cloud Computing And Its Applications', '15CS742', 'cs'),
(362, 'Describe Application Development in Cloud Computing environments', 'L2', 5, 1, 19, 'Cloud Computing And Its Applications', '15CS742', 'cs'),
(363, 'What are the Computing Platforms and Technologies', 'L1', 8, 1, 19, 'Cloud Computing And Its Applications', '15CS742', 'cs'),
(364, 'What is virtualization and what are its benefits?', 'L1', 8, 1, 19, 'Cloud Computing And Its Applications', '15CS742', 'cs'),
(365, 'What are the Characteristics of virtualized environments?', 'L1', 6, 1, 19, 'Cloud Computing And Its Applications', '15CS742', 'cs'),
(366, 'Explain Virtualization Reference Model.', 'L2', 8, 1, 19, 'Cloud Computing And Its Applications', '15CS742', 'cs'),
(367, 'With a neat diagram explain Taxonomy of Virtualization Techniques.', 'L3', 8, 1, 19, 'Cloud Computing And Its Applications', '15CS742', 'cs'),
(368, 'With a neat diagram discuss machine reference model of execution virtualization.', 'L3', 5, 1, 19, 'Cloud Computing And Its Applications', '15CS742', 'cs'),
(369, 'What are hardware virtualization techniques? ', 'L1', 6, 1, 19, 'Cloud Computing And Its Applications', '15CS742', 'cs'),
(370, 'Explain the three theorems introduced by Popek and Goldberg', 'L2', 6, 1, 19, 'Cloud Computing And Its Applications', '15CS742', 'cs'),
(371, 'Explain Hardware Virtualization techniques. ', 'L2', 10, 1, 19, 'Cloud Computing And Its Applications', '15CS742', 'cs'),
(372, 'Explain Operating System Level Virtualization', 'L2', 4, 1, 19, 'Cloud Computing And Its Applications', '15CS742', 'cs'),
(373, 'Explain Programming-Language -Level Virtualization. ', 'L2', 4, 1, 19, 'Cloud Computing And Its Applications', '15CS742', 'cs'),
(374, 'Explain Application- Level Virtualization.', 'L2', 3, 1, 19, 'Cloud Computing And Its Applications', '15CS742', 'cs'),
(375, 'With a neat diagram explain Live Migration and Server Consolidation.', 'L3', 6, 1, 19, 'Cloud Computing And Its Applications', '15CS742', 'cs'),
(376, 'What are advantages and disadvantages of Virtualization?', 'L1', 10, 1, 19, 'Cloud Computing And Its Applications', '15CS742', 'cs'),
(377, 'What is Xen? Discuss its elements of virtualization.', 'L2', 10, 1, 19, 'Cloud Computing And Its Applications', '15CS742', 'cs'),
(378, 'With a neat diagram explain Full Virtualization Reference Model', 'L3', 8, 1, 19, 'Cloud Computing And Its Applications', '15CS742', 'cs'),
(379, 'With a neat diagram explain Virtualization solutions in Full Vertualization.', 'L3', 10, 1, 19, 'Cloud Computing And Its Applications', '15CS742', 'cs'),
(380, 'Discuss the architecture of Hyper-V and discuss its use in Cloud computing', 'L3', 10, 1, 19, 'Cloud Computing And Its Applications', '15CS742', 'cs'),
(381, 'What are the fundamental components introduced in the cloud Reference model?', 'L1', 8, 2, 19, 'Cloud Computing And Its Applications', '15CS742', 'cs'),
(382, 'With a neat diagram explain Infrastructure as a Service Reference model. ', 'L3', 8, 2, 19, 'Cloud Computing And Its Applications', '15CS742', 'cs'),
(383, 'What are the tasks performed by scheduler in infrastructure as a service', 'L3', 6, 2, 19, 'Cloud Computing And Its Applications', '15CS742', 'cs'),
(384, 'Describe some examples of IaaS implementations.', 'L3', 4, 2, 19, 'Cloud Computing And Its Applications', '15CS742', 'cs'),
(385, 'Explain Platform as a Service Reference Model', 'L2', 8, 2, 19, 'Cloud Computing And Its Applications', '15CS742', 'cs'),
(386, 'List the classification of Platform as a Service. ', 'L1', 3, 2, 19, 'Cloud Computing And Its Applications', '15CS742', 'cs'),
(387, 'What are the main characteristics of a Platform-as-a-Service solution? ', 'L1', 8, 2, 19, 'Cloud Computing And Its Applications', '15CS742', 'cs'),
(388, 'What does the acronym SaaS mean? How does it relate to cloud computing?', 'L1', 6, 2, 19, 'Cloud Computing And Its Applications', '15CS742', 'cs'),
(389, 'Give the examples of Software-as-aService solutions? ', 'L3', 5, 2, 19, 'Cloud Computing And Its Applications', '15CS742', 'cs'),
(390, 'Explain characteristics of SaaS. ', 'L2', 5, 2, 19, 'Cloud Computing And Its Applications', '15CS742', 'cs'),
(391, 'What are the benefits of SaaS? ', 'L1', 5, 2, 19, 'Cloud Computing And Its Applications', '15CS742', 'cs'),
(392, 'Classify the different types of clouds. ', 'L3', 6, 2, 19, 'Cloud Computing And Its Applications', '15CS742', 'cs'),
(393, 'Explain public cloud. Give an example of public cloud', 'L2', 6, 2, 19, 'Cloud Computing And Its Applications', '15CS742', 'cs'),
(394, 'Explain private cloud. Give an example of Private cloud. ', 'L2', 6, 2, 19, 'Cloud Computing And Its Applications', '15CS742', 'cs'),
(395, 'Explain the advantages of private Cloud computing infrastructure', 'L2', 5, 2, 19, 'Cloud Computing And Its Applications', '15CS742', 'cs'),
(396, 'With a neat diagram explain private cloud-Hardware and Software Stack.', 'L3', 5, 2, 19, 'Cloud Computing And Its Applications', '15CS742', 'cs'),
(397, 'Write a note on Heterogeneous/Hybrid Cloud.', 'L1', 5, 2, 19, 'Cloud Computing And Its Applications', '15CS742', 'cs'),
(398, 'Describe Candidate sectors for Community Clouds. ', 'L2', 8, 2, 19, 'Cloud Computing And Its Applications', '15CS742', 'cs'),
(399, 'Describe the fundamental features of the economic and business model behind Cloud computing. ', 'L2', 10, 2, 19, 'Cloud Computing And Its Applications', '15CS742', 'cs'),
(400, 'How does Cloud computing help to reduce the time to market applications and to cut down capital expenses? ', 'L1', 6, 2, 19, 'Cloud Computing And Its Applications', '15CS742', 'cs'),
(401, 'Explain some of the challenges in Cloud computing', 'L2', 5, 2, 19, 'Cloud Computing And Its Applications', '15CS742', 'cs');
INSERT INTO `question` (`qid`, `question`, `difficultylevel`, `marks`, `module`, `fid`, `sname`, `scode`, `bid`) VALUES
(402, 'Describe, in few words, the main characteristics of Aneka', 'L2', 4, 2, 19, 'Cloud Computing And Its Applications', '15CS742', 'cs'),
(403, 'With a neat diagram explain Aneka Framework Overview', 'L3', 8, 2, 19, 'Cloud Computing And Its Applications', '15CS742', 'cs'),
(404, 'What is the Aneka container and what is its use?', 'L1', 3, 2, 19, 'Cloud Computing And Its Applications', '15CS742', 'cs'),
(405, 'Which types of services are hosted inside the Aneka container?', 'L1', 4, 2, 19, 'Cloud Computing And Its Applications', '15CS742', 'cs'),
(406, 'Explain Fabric Services of Aneka container', 'L2', 4, 2, 19, 'Cloud Computing And Its Applications', '15CS742', 'cs'),
(407, 'List and Explain Foundation Services of Aneka container', 'L2', 6, 2, 19, 'Cloud Computing And Its Applications', '15CS742', 'cs'),
(408, 'Describe Application Services of Aneka container', 'L2', 8, 2, 19, 'Cloud Computing And Its Applications', '15CS742', 'cs'),
(409, 'Which are the components that compose the Aneka infrastructure? ', 'L1', 4, 2, 19, 'Cloud Computing And Its Applications', '15CS742', 'cs'),
(410, 'Discuss the logical organization of an Aneka Cloud with neat diagram', 'L3', 10, 2, 19, 'Cloud Computing And Its Applications', '15CS742', 'cs'),
(411, 'With neat diagram explain private deployment of Aneka Clouds.', 'L3', 8, 2, 19, 'Cloud Computing And Its Applications', '15CS742', 'cs'),
(412, 'With neat diagram explain public deployment of Aneka Clouds', 'L3', 6, 2, 19, 'Cloud Computing And Its Applications', '15CS742', 'cs'),
(413, 'Discuss the role of dynamic provisioning in hybrid deployments', 'L2', 3, 2, 19, 'Cloud Computing And Its Applications', '15CS742', 'cs'),
(414, 'With neat diagram explain hybrid deployment of Aneka Clouds. ', 'L3', 5, 2, 19, 'Cloud Computing And Its Applications', '15CS742', 'cs'),
(415, 'What is a programming model? List the programming models supported by Aneka.', 'L1', 4, 2, 19, 'Cloud Computing And Its Applications', '15CS742', 'cs'),
(416, 'Discuss the major features of the Aneka Application model', 'L2', 5, 2, 19, 'Cloud Computing And Its Applications', '15CS742', 'cs'),
(417, 'Discuss the major features of the Aneka Service Model.', 'L2', 4, 2, 19, 'Cloud Computing And Its Applications', '15CS742', 'cs'),
(418, 'Explain Service Life Cycle of Aneka Service Model.', 'L2', 10, 2, 19, 'Cloud Computing And Its Applications', '15CS742', 'cs'),
(419, 'Describe the features of the Aneka management tools in terms of infrastructure, platform, and applications. ', 'L2', 8, 2, 19, 'Cloud Computing And Its Applications', '15CS742', 'cs'),
(420, 'Define throughput computing and what does it aim to achieve?', 'L1', 3, 3, 19, 'Cloud Computing And Its Applications', '15CS742', 'cs'),
(421, 'What is multiprocessing? Describe the different techniques for implementing multiprocessing.', 'L2', 4, 3, 19, 'Cloud Computing And Its Applications', '15CS742', 'cs'),
(422, 'What is multi-core technology and how does it relate to multiprocessing? ', 'L1', 4, 3, 19, 'Cloud Computing And Its Applications', '15CS742', 'cs'),
(423, 'Briefly describe the architecture of a multi-core system. ', 'L2', 6, 3, 19, 'Cloud Computing And Its Applications', '15CS742', 'cs'),
(424, 'What is multi-tasking?', 'L1', 3, 3, 19, 'Cloud Computing And Its Applications', '15CS742', 'cs'),
(425, 'What is multi-threading and how does it relate to multi-tasking? ', 'L1', 4, 3, 19, 'Cloud Computing And Its Applications', '15CS742', 'cs'),
(426, 'Describe the relation between a process and a thread.', 'L2', 8, 3, 19, 'Cloud Computing And Its Applications', '15CS742', 'cs'),
(427, 'Does parallelism of application depend on parallel hardware architectures? ', 'L2', 4, 3, 19, 'Cloud Computing And Its Applications', '15CS742', 'cs'),
(428, 'Describe the principal characteristics of a thread from a programming point of view and the uses of threads for parallelizing application execution', 'L2', 8, 3, 19, 'Cloud Computing And Its Applications', '15CS742', 'cs'),
(429, 'What is POSIX? ', 'L1', 3, 3, 19, 'Cloud Computing And Its Applications', '15CS742', 'cs'),
(430, 'Describe the support given for programming with threads inn new generation languages such as java or C#.', 'L3', 8, 3, 19, 'Cloud Computing And Its Applications', '15CS742', 'cs'),
(431, 'What do the term logical thread and Physical thread refer to? ', 'L1', 3, 3, 19, 'Cloud Computing And Its Applications', '15CS742', 'cs'),
(432, 'Explain the common operations implemented for a thread?', 'L2', 5, 3, 19, 'Cloud Computing And Its Applications', '15CS742', 'cs'),
(433, 'Describe the two major techniques used to define a parallel implementation of computer algorithms', 'L2', 10, 3, 19, 'Cloud Computing And Its Applications', '15CS742', 'cs'),
(434, 'What is an embarrassingly parallel problem?', 'L1', 5, 3, 19, 'Cloud Computing And Its Applications', '15CS742', 'cs'),
(435, 'Describe how to implement a parallel matrix scalar product by using domain decomposition.', 'L3', 8, 3, 19, 'Cloud Computing And Its Applications', '15CS742', 'cs'),
(436, 'How does communication impact on design and the implementation of parallel or distributed algorithms. ', 'L1', 8, 3, 19, 'Cloud Computing And Its Applications', '15CS742', 'cs'),
(437, 'Which kind of support does Aneka provide for multi-threading? ', 'L1', 8, 3, 19, 'Cloud Computing And Its Applications', '15CS742', 'cs'),
(438, 'Describe the major difference between the Aneka threads and local threads.', 'L2', 10, 3, 19, 'Cloud Computing And Its Applications', '15CS742', 'cs'),
(439, 'What are the limitations of the Thread Programming Model? ', 'L1', 6, 3, 19, 'Cloud Computing And Its Applications', '15CS742', 'cs'),
(440, 'Design a parallel implementation for the tabulation of the Gaussian function by using simple threads and then convert it to Aneka threads. ', 'L3', 10, 3, 19, 'Cloud Computing And Its Applications', '15CS742', 'cs'),
(441, 'What is a task? How does task computing relate to distributed computing?', 'L1', 6, 3, 19, 'Cloud Computing And Its Applications', '15CS742', 'cs'),
(442, 'List and explain the computing categories that relate to task computing.', 'L1', 5, 3, 19, 'Cloud Computing And Its Applications', '15CS742', 'cs'),
(443, 'Describe the main functionalities of a framework supporting task computing.', 'L2', 6, 3, 19, 'Cloud Computing And Its Applications', '15CS742', 'cs'),
(444, 'List some most popular frameworks for task computing. ', 'L1', 4, 3, 19, 'Cloud Computing And Its Applications', '15CS742', 'cs'),
(445, 'Explain the term Bag of Tasks? ', 'L2', 3, 3, 19, 'Cloud Computing And Its Applications', '15CS742', 'cs'),
(446, 'Give an example of a parameter sweep application. ', 'L3', 6, 3, 19, 'Cloud Computing And Its Applications', '15CS742', 'cs'),
(447, 'Explain MPI. What are its main characteristics?', 'L2', 5, 3, 19, 'Cloud Computing And Its Applications', '15CS742', 'cs'),
(448, 'What is  a workflow? What are additional properties that this application model has with respect to an embarrassingly parallel application? ', 'L1', 10, 3, 19, 'Cloud Computing And Its Applications', '15CS742', 'cs'),
(449, 'Describe the reference model of a Workflow Management System.', 'L2', 8, 3, 19, 'Cloud Computing And Its Applications', '15CS742', 'cs'),
(450, 'How does Aneka support task computing? ', 'L1', 5, 3, 19, 'Cloud Computing And Its Applications', '15CS742', 'cs'),
(451, 'What are the main components of the Task Programming Model?', 'L1', 6, 3, 19, 'Cloud Computing And Its Applications', '15CS742', 'cs'),
(452, 'Discuss the difference between ITask and Aneka Task. ', 'L3', 6, 3, 19, 'Cloud Computing And Its Applications', '15CS742', 'cs'),
(453, 'Discuss the difference between static and dynamic task submission.', 'L3', 5, 3, 19, 'Cloud Computing And Its Applications', '15CS742', 'cs'),
(454, 'Discuss the facilities and the general architecture provided by Aneka for movement of data for task-based applications. ', 'L3', 5, 3, 19, 'Cloud Computing And Its Applications', '15CS742', 'cs'),
(455, 'How is it possible to run a legacy application by using the Task Programming Model?', 'L3', 4, 3, 19, 'Cloud Computing And Its Applications', '15CS742', 'cs'),
(456, 'Does Aneka provide any feature for leveraging the Task Programming Model from other technologies and platforms? ', 'L3', 5, 3, 19, 'Cloud Computing And Its Applications', '15CS742', 'cs'),
(457, 'By using the Task Programming Model, design and implement  a simple application that performs the discrete computation of the integral according to the method proposed by Riemann of a given function over a specified interval', 'L3', 10, 3, 19, 'Cloud Computing And Its Applications', '15CS742', 'cs'),
(458, 'What are the features provided by Aneka for the execution of parameter sweep applications?', 'L1', 8, 3, 19, 'Cloud Computing And Its Applications', '15CS742', 'cs'),
(459, 'What is Data-intensive Computing? Describe the characteristics that define this term?', 'L2', 6, 4, 20, 'Cloud Computing And Its Applications', '15CS742', 'cs'),
(460, 'Provide an historical perspective of the most important technologies supporting data-intensive computing', 'L3', 6, 4, 20, 'Cloud Computing And Its Applications', '15CS742', 'cs'),
(461, 'What are the characterizing features of the so called Big Data?', 'L1', 8, 4, 20, 'Cloud Computing And Its Applications', '15CS742', 'cs'),
(462, 'List some of the important storage technologies Data-intensive Computing and describe one of them. ', 'L1', 10, 4, 20, 'Cloud Computing And Its Applications', '15CS742', 'cs'),
(463, 'Describe the architecture of the google File System', 'L2', 8, 4, 20, 'Cloud Computing And Its Applications', '15CS742', 'cs'),
(464, 'What does the term NoSQL mean? ', 'L1', 5, 4, 20, 'Cloud Computing And Its Applications', '15CS742', 'cs'),
(465, 'Describe the characteristics of Amazon Simple Storage Service(S3).', 'L2', 6, 4, 20, 'Cloud Computing And Its Applications', '15CS742', 'cs'),
(466, 'What is Google Bigtable? ', 'L1', 5, 4, 20, 'Cloud Computing And Its Applications', '15CS742', 'cs'),
(467, 'What are the requirements of a programming platform supporting data-intensive computation? ', 'L1', 6, 4, 20, 'Cloud Computing And Its Applications', '15CS742', 'cs'),
(468, 'What is MapReduce? ', 'L1', 4, 4, 20, 'Cloud Computing And Its Applications', '15CS742', 'cs'),
(469, 'Describe what kinds of problems MapReduce can solve and give some real examples. ', 'L3', 8, 4, 20, 'Cloud Computing And Its Applications', '15CS742', 'cs'),
(470, 'List some of the variations or extensions to MapReduce.', 'L1', 6, 4, 20, 'Cloud Computing And Its Applications', '15CS742', 'cs'),
(471, 'Describe the major components of the Aneka MapReduce Programming Model?', 'L2', 5, 4, 20, 'Cloud Computing And Its Applications', '15CS742', 'cs'),
(472, 'How does the MapReduce model differ from the other models supported by Aneka', 'L3', 5, 4, 20, 'Cloud Computing And Its Applications', '15CS742', 'cs'),
(473, 'Describe the components of the Scheduling and Execution services that constitute the runtime infrastructure supporting MapReduce', 'L2', 8, 4, 20, 'Cloud Computing And Its Applications', '15CS742', 'cs'),
(474, 'Describe the architecture of the data storage layer designed for Aneka MapReduce and the I/O APIs for handling MapReduce files', 'L3', 8, 4, 20, 'Cloud Computing And Its Applications', '15CS742', 'cs'),
(475, 'With a neat diagram explain MapReduce Scheduling Service architecture.', 'L3', 5, 4, 20, 'Cloud Computing And Its Applications', '15CS742', 'cs'),
(476, 'With a neat diagram explain MapReduce Execution Service architecture', 'L3', 6, 4, 20, 'Cloud Computing And Its Applications', '15CS742', 'cs'),
(477, 'Design and implement a simple program that uses MapReduce for the computation of Pi.', 'L3', 10, 4, 20, 'Cloud Computing And Its Applications', '15CS742', 'cs'),
(478, 'Explain does Aneka provide native support for the execution of workflows? ', 'L2', 5, 4, 20, 'Cloud Computing And Its Applications', '15CS742', 'cs'),
(479, 'What is AWS? What types of services does it provide?', 'L1', 5, 5, 20, 'Cloud Computing And Its Applications', '15CS742', 'cs'),
(480, 'Describe Amazon EC2 and its basic features', 'L2', 5, 5, 20, 'Cloud Computing And Its Applications', '15CS742', 'cs'),
(481, 'What is a bucket? What type of storage does it provide?', 'L1', 3, 5, 20, 'Cloud Computing And Its Applications', '15CS742', 'cs'),
(482, 'What is the difference between Amazon SimpleDB and Amazon RDS?', 'L3', 8, 5, 20, 'Cloud Computing And Its Applications', '15CS742', 'cs'),
(483, '. What type of problems addresses Amazon Virtual Private Cloud?', 'L1', 6, 5, 20, 'Cloud Computing And Its Applications', '15CS742', 'cs'),
(484, 'Introduce and present the service provided by AWS to support connectivity among applications. ', 'L2', 6, 5, 20, 'Cloud Computing And Its Applications', '15CS742', 'cs'),
(485, 'What is the Amazon CloudWatch? ', 'L1', 4, 5, 20, 'Cloud Computing And Its Applications', '15CS742', 'cs'),
(486, 'What type of service is AppEngine?', 'L1', 3, 5, 20, 'Cloud Computing And Its Applications', '15CS742', 'cs'),
(487, 'Describe the core components of AppEngine', 'L2', 8, 5, 20, 'Cloud Computing And Its Applications', '15CS742', 'cs'),
(488, 'What are the development technologies currently supported by AppEngine?', 'L1', 5, 5, 20, 'Cloud Computing And Its Applications', '15CS742', 'cs'),
(489, 'What is DataStore? What type of Data can be stored in it?', 'L1', 6, 5, 20, 'Cloud Computing And Its Applications', '15CS742', 'cs'),
(490, 'Discuss the compute services offered by AppEngine.', 'L2', 6, 5, 20, 'Cloud Computing And Its Applications', '15CS742', 'cs'),
(491, 'What is Windows Azure? ', 'L1', 4, 5, 20, 'Cloud Computing And Its Applications', '15CS742', 'cs'),
(492, 'Describe the architecture of Windows Azure', 'L3', 10, 5, 20, 'Cloud Computing And Its Applications', '15CS742', 'cs'),
(493, 'What is a role? What type of roles can be used? ', 'L1', 8, 5, 20, 'Cloud Computing And Its Applications', '15CS742', 'cs'),
(494, 'What is AppFabric and which services does it provide? ', 'L1', 8, 5, 20, 'Cloud Computing And Its Applications', '15CS742', 'cs'),
(495, 'Discuss the storage services provided by windows Azure.', 'L2', 8, 5, 20, 'Cloud Computing And Its Applications', '15CS742', 'cs'),
(496, 'What is SQL Azure? ', 'L1', 3, 5, 20, 'Cloud Computing And Its Applications', '15CS742', 'cs'),
(497, 'Illustrate the architecture of SQL Azure. ', 'L3', 8, 5, 20, 'Cloud Computing And Its Applications', '15CS742', 'cs'),
(498, 'What is Windows Azure Platform Appliance? For which kind of scenarios it has been designed? ', 'L2', 5, 5, 20, 'Cloud Computing And Its Applications', '15CS742', 'cs'),
(499, 'Describe the Types of applications that can benefit from Cloud computing?', 'L2', 10, 5, 20, 'Cloud Computing And Its Applications', '15CS742', 'cs'),
(500, 'Discuss the fundamental advantages brought by Cloud technology to scientific applications?', 'L2', 4, 5, 20, 'Cloud Computing And Its Applications', '15CS742', 'cs'),
(501, 'With a neat diagram explain how Cloud computing technology can be applied to support remote ECG monitoring', 'L3', 6, 5, 20, 'Cloud Computing And Its Applications', '15CS742', 'cs'),
(502, 'Describe an application of Cloud computing technology in biology', 'L2', 6, 5, 20, 'Cloud Computing And Its Applications', '15CS742', 'cs'),
(503, 'What are the advantages brought by Cloud computing in geoscience? Explain with an example.', 'L3', 6, 5, 20, 'Cloud Computing And Its Applications', '15CS742', 'cs'),
(504, 'Describe some examples of CRM and ERP implementations based on Cloud computing technologies', 'L3', 10, 5, 20, 'Cloud Computing And Its Applications', '15CS742', 'cs'),
(505, 'What is Salesforce.com?', 'L1', 10, 5, 20, 'Cloud Computing And Its Applications', '15CS742', 'cs'),
(506, 'What are Dropbox and iCloud? What kind of problems do they solve by using Cloud technologies? ', 'L1', 10, 5, 20, 'Cloud Computing And Its Applications', '15CS742', 'cs'),
(507, 'With a neat diagram explain EyeOS Architecture', 'L3', 5, 5, 20, 'Cloud Computing And Its Applications', '15CS742', 'cs'),
(508, 'Explain with an example advantage of Cloud technologies for social networking applications ', 'L3', 5, 5, 20, 'Cloud Computing And Its Applications', '15CS742', 'cs'),
(509, 'Provide an examples of media applications that use Cloud technologies', 'L3', 6, 5, 20, 'Cloud Computing And Its Applications', '15CS742', 'cs'),
(510, 'Explain 3D Rendering on Private Clouds', 'L2', 5, 5, 20, 'Cloud Computing And Its Applications', '15CS742', 'cs'),
(511, 'Describe an application of Cloud technologies for online gaming', 'L2', 8, 5, 20, 'Cloud Computing And Its Applications', '15CS742', 'cs'),
(512, 'Define Web-development?', 'L1', 4, 1, 21, 'Web Technology And Its Applications', '15CS71', 'cs'),
(513, 'Define HTML and Where did it come from?', 'L1', 5, 1, 21, 'Web Technology And Its Applications', '15CS71', 'cs'),
(514, 'Define XHTML and Why it is used?', 'L1', 5, 1, 21, 'Web Technology And Its Applications', '15CS71', 'cs'),
(515, 'Why HTML5 is introduced? Explain are the 3 aims of HTML5?', 'L2', 5, 1, 21, 'Web Technology And Its Applications', '15CS71', 'cs'),
(516, 'Explain HTML syntax with example?', 'L3', 6, 1, 21, 'Web Technology And Its Applications', '15CS71', 'cs'),
(517, 'Differentiate between XHTML and HTML5?', 'L3', 5, 1, 21, 'Web Technology And Its Applications', '15CS71', 'cs'),
(518, 'DWhat are HTML elements and attributes explain?', 'L2', 5, 1, 21, 'Web Technology And Its Applications', '15CS71', 'cs'),
(519, 'What are nested HTML elements explain with example?', 'L3', 4, 1, 21, 'Web Technology And Its Applications', '15CS71', 'cs'),
(520, 'What is semantic markup and why it is important?', 'L1', 6, 1, 21, 'Web TEchnology And Its Applications', '15CS71', 'cs'),
(521, 'Explain the structure of HTML document?', 'L2', 8, 1, 21, 'Web TEchnology And Its Applications', '15CS71', 'cs'),
(522, 'Briefly explain the history of markup languages?', 'L2', 6, 1, 21, 'Web TEchnology And Its Applications', '15CS71', 'cs'),
(523, 'Define the following tags i) a.   ii) p.   iii) img.   iv)  div.   v)   heading tags', 'L1', 10, 1, 21, 'Web TEchnology And Its Applications', '15CS71', 'CS'),
(524, 'What is the difference between standard mode and the quirks mode? What role does the doctype play with these roles?', 'L1', 6, 1, 21, 'Web TEchnology And Its Applications', '15CS71', 'CS'),
(525, 'What is the difference between the \"p\" and the \"div\" elements? In what contexts should one use the one over the other?', 'L1', 4, 1, 21, 'Web TEchnology And Its Applications', '15CS71', 'CS'),
(526, 'Define link? Illustrate the different ways to construct the link destinations', 'L2', 6, 1, 21, 'Web TEchnology And Its Applications', '15CS71', 'CS'),
(527, 'Differentiate between absolute and relative referencing? When should each be used.', 'L3', 8, 1, 21, 'Web TEchnology And Its Applications', '15CS71', 'CS'),
(528, 'List and explain different relative link types?', 'L2', 8, 1, 21, 'Web TEchnology And Its Applications', '15CS71', 'CS'),
(529, 'List and explain inline text elements.', 'L2', 4, 1, 21, 'Web TEchnology And Its Applications', '15CS71', 'CS'),
(530, 'What are the different ways of defining an image. Explain with with example', 'L3', 6, 1, 21, 'Web TEchnology And Its Applications', '15CS71', 'CS'),
(531, 'With example explain ordered list and unordered list?', 'L3', 5, 1, 21, 'Web TEchnology And Its Applications', '15CS71', 'CS'),
(532, 'What are the advantages and disadvantages of using the HTML5 semantic elements?', 'L1', 8, 1, 21, 'Web TEchnology And Its Applications', '15CS71', 'CS'),
(533, 'Define the following tags with example.  i) header.   ii) footer.   iii) nav. iv) link. ', 'L3', 8, 1, 21, 'Web TEchnology And Its Applications', '15CS71', 'CS'),
(534, 'Why figure and figcaption tags are used explain with its example.', 'L3', 5, 1, 21, 'Web TEchnology And Its Applications', '15CS71', 'CS'),
(535, 'Where the articles and section tags are used explain it with example', 'L3', 4, 1, 21, 'Web TEchnology And Its Applications', '15CS71', 'CS'),
(536, 'Define css? What are the benefits of using CSS', 'L1', 6, 1, 21, 'Web TEchnology And Its Applications', '15CS71', 'CS'),
(537, 'What are the different parts of the css style rule?', 'L1', 8, 1, 21, 'Web TEchnology And Its Applications', '15CS71', 'CS'),
(538, 'List and explain different types of properties in css?', 'L2', 8, 1, 21, 'Web TEchnology And Its Applications', '15CS71', 'CS'),
(539, 'Explain different types of color values used in css?', 'L2', 5, 1, 21, 'Web TEchnology And Its Applications', '15CS71', 'CS'),
(540, 'List and explain different types of style sheets used in css with example', 'L3', 8, 1, 21, 'Web TEchnology And Its Applications', '15CS71', 'CS'),
(541, 'Define selector? List different types of selectors', 'L1', 5, 1, 21, 'Web TEchnology And Its Applications', '15CS71', 'CS'),
(542, 'What is element selector. Explain how it works.', 'L2', 5, 1, 21, 'Web TEchnology And Its Applications', '15CS71', 'CS'),
(543, 'Explain class selector and Id selector with an example?', 'L3', 6, 1, 21, 'Web TEchnology And Its Applications', '15CS71', 'CS'),
(544, 'Define attribute selector. List the different types of attribute selectors and explain each of them with example', 'L3', 10, 1, 21, 'Web TEchnology And Its Applications', '15CS71', 'CS'),
(545, 'Explain pseudo element and pseudo class selector list different types of it', 'L2', 6, 1, 21, 'Web TEchnology And Its Applications', '15CS71', 'CS'),
(546, 'Explain contextual selector with example. List different types of it.', 'L3', 5, 1, 21, 'Web TEchnology And Its Applications', '15CS71', 'CS'),
(547, 'What does cascade in css refers to? Explain the three principles of cascade in css with example', 'L3', 10, 1, 21, 'Web TEchnology And Its Applications', '15CS71', 'CS'),
(548, 'Write a note on css box model?', 'L1', 8, 1, 21, 'Web TEchnology And Its Applications', '15CS71', 'CS'),
(549, 'Define css text styling? List the different properties of font?', 'L2', 4, 1, 21, 'Web TEchnology And Its Applications', '15CS71', 'CS'),
(550, 'List and explain the different text properties?', 'L2', 8, 1, 21, 'Web TEchnology And Its Applications', '15CS71', 'CS'),
(551, 'What are the elements used to define the structure of an HTML table?', 'L1', 10, 2, 21, 'Web Technology And Its Applications', '15CS71', 'cs'),
(552, 'Explain Spanning rows and columns with an example', 'L3', 5, 2, 21, 'Web Technology And Its Applications', '15CS71', 'cs'),
(553, 'Explain table styling with an example', 'L3', 10, 2, 21, 'Web Technology And Its Applications', '15CS71', 'cs'),
(554, 'Explain HTML form structure. ', 'L2', 5, 2, 21, 'Web Technology And Its Applications', '15CS71', 'cs'),
(555, 'Explain how does forms work', 'L2', 5, 2, 21, 'Web Technology And Its Applications', '15CS71', 'cs'),
(556, 'Describe how the form data is packaged into a query string. ', 'L2', 4, 2, 21, 'Web Technology And Its Applications', '15CS71', 'cs'),
(557, 'What are the two different ways of passing information via URL? ', 'L1', 5, 2, 21, 'Web Technology And Its Applications', '15CS71', 'cs'),
(558, 'Give some text input controls with respective examples. ', 'L3', 6, 2, 21, 'Web Technology And Its Applications', '15CS71', 'cs'),
(559, 'Explain different ways provided by form to select an option from a group of choices. ', 'L2', 6, 2, 21, 'Web Technology And Its Applications', '15CS71', 'cs'),
(560, 'List and discuss button elements with examples.', 'L3', 5, 2, 21, 'Web Technology And Its Applications', '15CS71', 'cs'),
(561, 'What are the number and range input controls. ', 'L1', 4, 2, 21, 'Web Technology And Its Applications', '15CS71', 'cs'),
(562, 'Explain Date and Time controls.', 'L2', 6, 2, 21, 'Web Technology And Its Applications', '15CS71', 'cs'),
(563, 'Explain how tables and forms are accessed.', 'L2', 8, 2, 21, 'Web Technology And Its Applications', '15CS71', 'cs'),
(564, 'Explain microformats. Give an example of hCard.', 'L3', 8, 2, 21, 'Web Technology And Its Applications', '15CS71', 'cs'),
(565, 'What is normal flow in the context of CSS?', 'L1', 4, 2, 21, 'Web Technology And Its Applications', '15CS71', 'cs'),
(566, 'Describe how block-level elements are different from inline elements.', 'L2', 10, 2, 21, 'Web Technology And Its Applications', '15CS71', 'cs'),
(567, 'What are the two types of inline elements?', 'L1', 6, 2, 21, 'Web Technology And Its Applications', '15CS71', 'cs'),
(568, 'Explain the relative positioning. ', 'L2', 8, 2, 21, 'Web Technology And Its Applications', '15CS71', 'cs'),
(569, 'Explain the absolute positioning.', 'L2', 4, 2, 21, 'Web Technology And Its Applications', '15CS71', 'cs'),
(570, 'Explain Fixed positioning with an example.', 'L3', 10, 2, 21, 'Web Technology And Its Applications', '15CS71', 'cs'),
(571, 'In CSS, what does floating an element do? How do you float an element?', 'L1', 8, 2, 21, 'Web Technology And Its Applications', '15CS71', 'cs'),
(572, 'How does multiple items are floated side by side? ', 'L1', 5, 2, 21, 'Web Technology And Its Applications', '15CS71', 'cs'),
(573, 'What are the problems arrive during multiple float?', 'L1', 6, 2, 21, 'Web Technology And Its Applications', '15CS71', 'cs'),
(574, 'Explain the usage of clear property using an example.', 'L3', 8, 2, 21, 'Web Technology And Its Applications', '15CS71', 'cs'),
(575, 'Explain the usage of overflow property with an example.', 'L3', 6, 2, 21, 'Web Technology And Its Applications', '15CS71', 'cs'),
(576, 'What are the overlying and hiding elements? ', 'L1', 8, 2, 21, 'Web Technology And Its Applications', '15CS71', 'cs'),
(577, 'Explain construction of multicolumn layouts using floats. ', 'L2', 10, 2, 21, 'Web Technology And Its Applications', '15CS71', 'cs'),
(578, 'Explain construction of multicolumn layouts using positioning property.', 'L2', 5, 2, 21, 'Web Technology And Its Applications', '15CS71', 'cs'),
(579, 'Briefly describe the difference between fixed, liquid and hybrid layout strategies.', 'L3', 8, 2, 21, 'Web Technology And Its Applications', '15CS71', 'cs'),
(580, 'What is responsive design? Why is it important?', 'L1', 5, 2, 21, 'Web Technology And Its Applications', '15CS71', 'cs'),
(581, 'Discuss about setting the viewport.', 'L2', 6, 2, 21, 'Web Technology And Its Applications', '15CS71', 'cs'),
(582, 'Give the syntax of a media query. How does they are used?', 'L1', 10, 2, 21, 'Web Technology And Its Applications', '15CS71', 'cs'),
(583, 'Explain the usage of a grid system.', 'L2', 8, 2, 21, 'Web Technology And Its Applications', '15CS71', 'cs'),
(584, 'Explain the role of CSS preprocessors in the web development work flow.', 'L2', 10, 2, 21, 'Web Technology And Its Applications', '15CS71', 'cs'),
(585, 'What is javascript and what can it do?', 'L1', 5, 3, 21, 'Web Technology And Its Applications', '15cs71', 'cs'),
(586, 'Write a note on client side scripting language?', 'L1', 8, 3, 21, 'Web Technology And Its Applications', '15cs71', 'cs'),
(587, 'Explain the workflow of java applets with a neat block diagram?', 'L3', 6, 3, 21, 'Web Technology And Its Applications', '15cs71', 'cs'),
(588, 'Discuss the advantages and disadvantages of client-side scripting?', 'L3', 5, 3, 21, 'Web Technology And Its Applications', '15cs71', 'cs'),
(589, 'Explain the normal http request and response loop with a neat block diagram', 'L2', 8, 3, 21, 'Web Technology And Its Applications', '15cs71', 'cs'),
(590, 'Discuss how the AJAX request differ from normal requests in a http request-response loop?', 'L3', 8, 3, 21, 'Web Technology And Its Applications', '15cs71', 'cs'),
(591, 'Define layers in javascript? What are the three layers in it?', 'L1', 6, 3, 21, 'Web Technology And Its Applications', '15cs71', 'cs'),
(592, 'What are some reasons a user might have disabled the javascript? Explain', 'L2', 6, 3, 21, 'Web Technology And Its Applications', '15CS71', 'cs'),
(593, 'Compare graceful degradation with progressive enhancement', 'L3', 4, 3, 21, 'Web Technology And Its Applications', '15CS71', 'cs'),
(594, 'Why is embedded javascript used? What is the disadvantage of using embedded javascript', 'L1', 5, 3, 21, 'Web Technology And Its Applications', '15CS71', 'cs'),
(595, 'What are the different ways in which javascript can be linked to an html explain with example', 'L3', 8, 3, 21, 'Web Technology And Its Applications', '15CS71', 'cs'),
(596, 'Explain javascript with its syntax?', 'L2', 4, 3, 21, 'Web Technology And Its Applications', '15CS71', 'cs'),
(597, 'Explain how the variables are declared and initialized in javascript?', 'L2', 3, 3, 21, 'Web Technology And Its Applications', '15CS71', 'cs'),
(598, 'List and explain with example different types of comparison and logical operators used in java.', 'L3', 6, 3, 21, 'Web Technology And Its Applications', '15CS71', 'cs'),
(599, 'Explain different types of looping statements used in java?', 'L2', 6, 3, 21, 'Web Technology And Its Applications', '15CS71', 'cs'),
(600, 'What is the use of functions in javascript? explain', 'L2', 5, 3, 21, 'Web Technology And Its Applications', '15CS71', 'cs'),
(601, 'Explain with example how the try and catch blocks used in javascript', 'L3', 6, 3, 21, 'Web Technology And Its Applications', '15CS71', 'cs'),
(602, 'Write a javascript program to throw exception and explain the program briefly', 'L2', 5, 3, 21, 'Web Technology And Its Applications', '15CS71', 'cs'),
(603, 'Write  a  JavaScript  code  that  displays  text  \"TEXT-GROWING\"  with  increasing  font size  in  the  interval  of  100ms  in  RED  COLOR,  when  the  font  size  reaches  50pt  it displays \"TEXT-SHRINKING\" in BLUE color. Then the font size decreases to 5pt.', 'L1', 8, 3, 21, 'Web Technology And Its Applications', '15CS71', 'cs'),
(604, 'Write a JavaScript to design a simple calculator to perform the following operations: \r\nsum, product, difference and quotient.', 'L1', 8, 3, 21, 'Web Technology And Its Applications', '15CS71', 'cs'),
(605, 'Write a JavaScript that calculates the squares and cubes of the numbers from 0 to  10 \r\nand outputs HTML text that displays the resulting values in an HTML table format.', 'L1', 6, 3, 21, 'Web Technology And Its Applications', '15CS71', 'cs'),
(606, 'Develop  and  demonstrate  a  HTML5  file  that  includes  JavaScript  script  that  uses \r\nfunctions for the following problems: \r\na.  Parameter: A string \r\nb.  Output: The position in the string of the left-most vowel \r\nc.  Parameter: A number \r\nd.  Output: The number with its digits in the reverse order', 'L3', 8, 3, 21, 'Web Technology And Its Applications', '15CS71', 'cs'),
(607, 'Define constructor? Write a javascript program to define the constructor? Explain how the methods can be used in javascript?', 'L2', 8, 3, 21, 'Web Technology And Its Applications', '15CS71', 'cs'),
(608, 'Explain the different types of object included in javascript with example?', 'L3', 10, 3, 21, 'Web Technology And Its Applications', '15CS71', 'cs'),
(609, 'Write a note on document object model', 'L1', 6, 3, 21, 'Web Technology And Its Applications', '15CS71', 'cs'),
(610, 'Define node? Explain the essential node object properties in javascript?', 'L2', 6, 3, 21, 'Web Technology And Its Applications', '15CS71', 'cs'),
(611, 'List and explain with example different DOM methods used in javascript?', 'L3', 8, 3, 21, 'Web Technology And Its Applications', '15CS71', 'cs'),
(612, 'List and explain different element node properties in javascript?', 'L2', 10, 3, 21, 'Web Technology And Its Applications', '15CS71', 'cs'),
(613, 'Explain the workflow of event object?', 'L2', 6, 3, 21, 'Web Technology And Its Applications', '15CS71', 'cs'),
(614, 'Explain the workflow of listeners in js', 'L2', 5, 3, 21, 'Web Technology And Its Applications', '15CS71', 'cs'),
(615, 'List and Explain keyboard and mouse events in javascript?', 'L2', 10, 3, 21, 'Web Technology And Its Applications', '15CS71', 'cs'),
(616, 'Write a note on diffeerent types of form and frame events in javascript', 'L1', 10, 3, 21, 'Web Technology And Its Applications', '15CS71', 'cs'),
(617, 'Explain different methods to validate the forms in javascript', 'L2', 8, 3, 21, 'Web Technology And Its Applications', '15CS71', 'cs'),
(618, 'Differentiate between client script execution and server script execution', 'L3', 5, 3, 21, 'Web Technology And Its Applications', '15CS71', 'cs'),
(619, 'Write a brief note on server side technologies?', 'L1', 10, 3, 21, 'Web Technology And Its Applications', '15CS71', 'cs'),
(620, 'Explain the responsibilities of web server with apache linux and php together with neat block diagram', 'L3', 10, 3, 21, 'Web Technology And Its Applications', '15CS71', 'cs'),
(621, 'Explain with neat diagram multi threaded and multi process?', 'L2', 4, 3, 21, 'Web Technology And Its Applications', '15CS71', 'cs'),
(622, 'What are the two different approaches of php coding', 'L1', 4, 3, 21, 'Web Technology And Its Applications', '15CS71', 'cs'),
(623, 'What are the different datatypes used in php? List the string escape sequences.', 'L1', 5, 3, 21, 'Web Technology And Its Applications', '15CS71', 'cs'),
(624, 'Explain the different program control statements used in php with example', 'L3', 10, 3, 21, 'Web Technology And Its Applications', '15CS71', 'cs'),
(625, 'What are the different methods to include files in php', 'L1', 4, 3, 21, 'Web Technology And Its Applications', '15CS71', 'cs'),
(626, 'Define functions in php? How the functions can be called and explain the method of passing the parameters in php', 'L2', 8, 3, 21, 'Web Technology And Its Applications', '15CS71', 'cs'),
(627, 'Write a PHP program to display a digital clock which displays the current time of  the \r\nserver.', 'L1', 8, 3, 21, 'Web Technology And Its Applications', '15CS71', 'cs'),
(628, ' Write the PHP programs to do the following:  \r\na.  Implement simple calculator operations. \r\nb.  Find the transpose of a matrix.', 'L1', 10, 3, 21, 'Web Technology And Its Applications', '15CS71', 'cs'),
(629, 'Write  a  PHP  program  to  sort  the  student  records  which  are  stored  in  the  database \r\nusing selection sort.', 'L1', 10, 3, 21, 'Web Technology And Its Applications', '15CS71', 'cs'),
(630, 'What is an array? What are array keys and array values?', 'L1', 5, 4, 21, 'Web Technology And Its Applications', '15CS71', 'cs'),
(631, 'Explain the methods of defining and accessing arrays?', 'L2', 8, 4, 21, 'Web Technology And Its Applications', '15CS71', 'cs'),
(632, 'Explain multidimensional Arrays?', 'L2', 4, 4, 21, 'Web Technology And Its Applications', '15CS71', 'cs'),
(633, 'How does one iterate through all keys and indexes in arrays?', 'L1', 6, 4, 21, 'Web Technology And Its Applications', '15CS71', 'cs'),
(634, 'Explain adding and deleting elements from array with an example. ', 'L3', 5, 4, 21, 'Web Technology And Its Applications', '15CS71', 'cs'),
(635, 'Where does the function isset() is used?', 'L1', 3, 4, 21, 'Web Technology And Its Applications', '15CS71', 'cs'),
(636, 'Explain array sorting.', 'L2', 3, 4, 21, 'Web Technology And Its Applications', '15CS71', 'cs'),
(637, 'List and explain some array operations.', 'L2', 6, 4, 21, 'Web Technology And Its Applications', '15CS71', 'cs'),
(638, 'What are superglobal variables? Give some superglobal variables.', 'L1', 8, 4, 21, 'Web Technology And Its Applications', '15CS71', 'cs'),
(639, 'Illustrate the usage of GET and POST superglobal arrays.', 'L2', 6, 4, 21, 'Web Technology And Its Applications', '15CS71', 'cs'),
(640, 'How to check if any data sent via query string?', 'L1', 5, 4, 21, 'Web Technology And Its Applications', '15CS71', 'cs'),
(641, 'explain URL encoding and decoding.', 'L2', 5, 4, 21, 'Web Technology And Its Applications', '15CS71', 'cs'),
(642, 'Explain how isset() is used to check value set for query string parameter.', 'L2', 5, 4, 21, 'Web Technology And Its Applications', '15CS71', 'cs'),
(643, 'Explain with an example how form array data can be accessed.', 'L3', 6, 4, 21, 'Web Technology And Its Applications', '15CS71', 'cs'),
(644, 'Describe sanitizing query string.', 'L2', 8, 4, 21, 'Web Technology And Its Applications', '15CS71', 'cs'),
(645, 'Explain the superglobal variable $_SERVER. ', 'L2', 10, 4, 21, 'Web Technology And Its Applications', '15CS71', 'cs'),
(646, 'Explain the handling file upload in PHP.', 'L2', 10, 4, 21, 'Web Technology And Its Applications', '15CS71', 'cs'),
(647, 'Write a program to check errors for uploaded files. ', 'L2', 4, 4, 21, 'Web Technology And Its Applications', '15CS71', 'cs'),
(648, 'Write a note on limiting upload file size via HTML, JavaScript and PHP. ', 'L3', 8, 4, 21, 'Web Technology And Its Applications', '15CS71', 'cs'),
(649, 'Write a program for moving the file using PHP function move_uploaded_file(). ', 'L2', 3, 4, 21, 'Web Technology And Its Applications', '15CS71', 'cs'),
(650, 'What are the two techniques used for read/writing files in PHP. ', 'L1', 10, 4, 21, 'Web Technology And Its Applications', '15CS71', 'cs'),
(651, 'Give an overview of object-orientation with its terminologies. ', 'L1', 4, 4, 21, 'Web Technology And Its Applications', '15CS71', 'cs'),
(652, 'Explain the relationship between a class and its objects in UML class diagram.', 'L3', 6, 4, 21, 'Web Technology And Its Applications', '15CS71', 'cs'),
(653, 'Give difference between server and desktop objects. ', 'L3', 5, 4, 21, 'Web Technology And Its Applications', '15CS71', 'cs'),
(654, 'Explain how a class is defined and objects are instantiated with an example.', 'L3', 5, 4, 21, 'Web Technology And Its Applications', '15CS71', 'cs'),
(655, 'How constructors are added to class definition?', 'L1', 6, 4, 21, 'Web Technology And Its Applications', '15CS71', 'cs'),
(656, 'What is a method? Explain how it is defined with an example.', 'L3', 4, 4, 21, 'Web Technology And Its Applications', '15CS71', 'cs'),
(657, 'Describe visibility of class members with an example.', 'L3', 8, 4, 21, 'Web Technology And Its Applications', '15CS71', 'cs'),
(658, 'What are static members? How they are used?', 'L1', 8, 4, 21, 'Web Technology And Its Applications', '15CS71', 'cs'),
(659, 'Explain Data encapsulation with an example. ', 'L3', 8, 4, 21, 'Web Technology And Its Applications', '15CS71', 'cs'),
(660, 'Explain Inheritance with an example. ', 'L3', 10, 4, 21, 'Web Technology And Its Applications', '15CS71', 'cs'),
(661, 'What is advantage of Polymorphism? How it is used?', 'L1', 5, 4, 21, 'Web Technology And Its Applications', '15CS71', 'cs'),
(662, 'Explain Object Interfaces with an example.', 'L3', 10, 4, 21, 'Web Technology And Its Applications', '15CS71', 'cs'),
(663, 'Explain the different types of errors.', 'L2', 5, 4, 21, 'Web Technology And Its Applications', '15CS71', 'cs'),
(664, 'Compare isset() and empty() with query string parameters.', 'L3', 4, 4, 21, 'Web Technology And Its Applications', '15CS71', 'cs'),
(665, 'Explain three error reporting flags in PHP.', 'L2', 8, 4, 21, 'Web Technology And Its Applications', '15CS71', 'cs'),
(666, 'Explain two mechanisms for handling runtime errors.', 'L2', 6, 4, 21, 'Web Technology And Its Applications', '15CS71', 'cs'),
(667, 'Explain Customer error and exception handlers with an example.', 'L3', 10, 4, 21, 'Web Technology And Its Applications', '15CS71', 'cs'),
(668, 'Why is state a problem for web applications?', 'L1', 6, 5, 21, 'Web Technology And Its Applications', '15CS71', 'cs'),
(669, 'Explain how information can be passed via query string in HTTP', 'L2', 8, 5, 21, 'Web Technology And Its Applications', '15CS71', 'cs'),
(670, 'Explain how information can be passed via URL path in HTTP.', 'L2', 8, 5, 21, 'Web Technology And Its Applications', '15CS71', 'cs'),
(671, 'What are HTTP cookies? What is their purpose?', 'L1', 5, 5, 21, 'Web Technology And Its Applications', '15CS71', 'cs'),
(672, 'With a neat diagram describe exactly how cookies work.', 'L3', 8, 5, 21, 'Web Technology And Its Applications', '15CS71', 'cs'),
(673, 'What is difference between session cookies and persistent cookies? How does the browser know which type of cookies to create?', 'L1', 4, 5, 21, 'Web Technology And Its Applications', '15CS71', 'cs'),
(674, 'Describe best practice for using persistent cookies.', 'L2', 5, 5, 21, 'Web Technology And Its Applications', '15CS71', 'cs'),
(675, 'Explain Serialization and Deserialization.', 'L2', 6, 5, 21, 'Web Technology And Its Applications', '15CS71', 'cs'),
(676, 'What is session state?  Explain accessing session state and checking session existence.', 'L2', 10, 5, 21, 'Web Technology And Its Applications', '15CS71', 'cs'),
(677, 'Describe how session state works with neat diagram.', 'L3', 6, 5, 21, 'Web Technology And Its Applications', '15CS71', 'cs'),
(678, 'Explain Session Storage and Configuration.', 'L2', 6, 5, 21, 'Web Technology And Its Applications', '15CS71', 'cs'),
(679, 'Write a program for writing web storage in HTML5. ', 'L2', 5, 5, 21, 'Web Technology And Its Applications', '15CS71', 'cs'),
(680, 'Write a program for reading web storage in HTML5.', 'L2', 5, 5, 21, 'Web Technology And Its Applications', '15CS71', 'cs'),
(681, 'Write programs for writing and reading a cookie.', 'L2', 6, 5, 21, 'Web Technology And Its Applications', '15CS71', 'cs'),
(682, 'What is caching in the context of web application? What benefit does it provide?', 'L1', 5, 5, 21, 'Web Technology And Its Applications', '15CS71', 'cs'),
(683, 'What is the difference between page output caching and application data caching?', 'L3', 10, 5, 21, 'Web Technology And Its Applications', '15CS71', 'cs'),
(684, 'Explain JavaScript Psuedo-Classes with its ways to define methods', 'L2', 10, 5, 21, 'Web Technology And Its Applications', '15CS71', 'cs'),
(685, 'Illustrate some basic jQuery selectors with an example. ', 'L3', 8, 5, 21, 'Web Technology And Its Applications', '15CS71', 'cs'),
(686, 'Discuss some basic jQuery attributes.', 'L2', 8, 5, 21, 'Web Technology And Its Applications', '15CS71', 'cs'),
(687, 'Write a jQuery selector to get all the <p> that contain the word hello.', 'L2', 4, 5, 21, 'Web Technology And Its Applications', '15CS71', 'cs'),
(688, 'What are jQuery listeners? ', 'L1', 6, 5, 21, 'Web Technology And Its Applications', '15CS71', 'cs'),
(689, 'Explain Creating DOM and textNodes with an example.', 'L3', 5, 5, 21, 'Web Technology And Its Applications', '15CS71', 'cs'),
(690, 'Explain prepending and appending DOM elements with an example', 'L3', 6, 5, 21, 'Web Technology And Its Applications', '15CS71', 'cs'),
(691, 'Explain wrapping existing DOM in new tags with an example.', 'L3', 5, 5, 21, 'Web Technology And Its Applications', '15CS71', 'cs'),
(692, 'Illustrate UML sequence diagram of an AJAX request.', 'L3', 4, 5, 21, 'Web Technology And Its Applications', '15CS71', 'cs'),
(693, 'Illustrate synchronous implementation of the server time web page.', 'L2', 5, 5, 21, 'Web Technology And Its Applications', '15CS71', 'cs'),
(694, 'How server time widget is implemented in AJAX.', 'L1', 8, 5, 21, 'Web Technology And Its Applications', '15CS71', 'cs'),
(695, 'How a simple asynchronous web poll is implemented.', 'L1', 5, 5, 21, 'Web Technology And Its Applications', '15CS71', 'cs'),
(696, 'Give sequence diagram depicting how the jqXHR object reacts to different response codes.', 'L3', 10, 5, 21, 'Web Technology And Its Applications', '15CS71', 'cs'),
(697, 'Write a note on CORS.', 'L1', 6, 5, 21, 'Web Technology And Its Applications', '15CS71', 'cs'),
(698, 'How does the asynchronous file transmission takes place?', 'L1', 8, 5, 21, 'Web Technology And Its Applications', '15CS71', 'cs'),
(699, 'What are the commonly used animations in jQuery?', 'L1', 4, 5, 21, 'Web Technology And Its Applications', '15CS71', 'cs'),
(700, 'What is the base method on which all jQuery animations rely? ', 'L1', 8, 5, 21, 'Web Technology And Its Applications', '15CS71', 'cs'),
(701, 'What do MVC frameworks accomplish? ', 'L1', 10, 5, 21, 'Web Technology And Its Applications', '15CS71', 'cs'),
(702, 'What are the two basic styles of XML processing? ', 'L1', 3, 5, 21, 'Web Technology And Its Applications', '15CS71', 'cs'),
(703, 'Write a program for Loading and processing an XML document in JavaScript', 'L3', 5, 5, 21, 'Web Technology And Its Applications', '15CS71', 'cs'),
(704, 'Explain XML processing in PHP with example. ', 'L3', 6, 5, 21, 'Web Technology And Its Applications', '15CS71', 'cs'),
(705, 'Explain JSON. Give an example for representation of XML data in JSON.', 'L3', 8, 5, 21, 'Web Technology And Its Applications', '15CS71', 'cs'),
(706, 'How JSON is used in JavaScript and in PHP?', 'L1', 10, 5, 21, 'Web Technology And Its Applications', '15CS71', 'cs'),
(707, 'With a neat diagram explain SOAP web services. ', 'L3', 10, 5, 21, 'Web Technology And Its Applications', '15CS71', 'cs'),
(708, 'With a neat diagram explain REST web services.', 'L3', 10, 5, 21, 'Web Technology And Its Applications', '15CS71', 'cs');

--
-- Constraints for dumped tables
--

--
-- Constraints for table `add_subject`
--
ALTER TABLE `add_subject`
  ADD CONSTRAINT `add_subject_ibfk_1` FOREIGN KEY (`bid`) REFERENCES `branch` (`bid`) ON DELETE CASCADE ON UPDATE CASCADE;

--
-- Constraints for table `assign_subject`
--
ALTER TABLE `assign_subject`
  ADD CONSTRAINT `assign_subject_ibfk_1` FOREIGN KEY (`fid`) REFERENCES `faculty` (`fid`) ON DELETE CASCADE ON UPDATE CASCADE,
  ADD CONSTRAINT `assign_subject_ibfk_2` FOREIGN KEY (`scode`) REFERENCES `add_subject` (`scode`) ON DELETE CASCADE ON UPDATE CASCADE,
  ADD CONSTRAINT `assign_subject_ibfk_3` FOREIGN KEY (`bid`) REFERENCES `branch` (`bid`) ON DELETE CASCADE ON UPDATE CASCADE;

--
-- Constraints for table `faculty`
--
ALTER TABLE `faculty`
  ADD CONSTRAINT `faculty_ibfk_1` FOREIGN KEY (`bid`) REFERENCES `branch` (`bid`) ON DELETE CASCADE ON UPDATE CASCADE;

--
-- Constraints for table `question`
--
ALTER TABLE `question`
  ADD CONSTRAINT `question_ibfk_1` FOREIGN KEY (`fid`) REFERENCES `faculty` (`fid`) ON DELETE CASCADE ON UPDATE CASCADE,
  ADD CONSTRAINT `question_ibfk_2` FOREIGN KEY (`scode`) REFERENCES `add_subject` (`scode`) ON DELETE CASCADE ON UPDATE CASCADE,
  ADD CONSTRAINT `question_ibfk_3` FOREIGN KEY (`bid`) REFERENCES `branch` (`bid`) ON DELETE CASCADE ON UPDATE CASCADE;
COMMIT;

/*!40101 SET CHARACTER_SET_CLIENT=@OLD_CHARACTER_SET_CLIENT */;
/*!40101 SET CHARACTER_SET_RESULTS=@OLD_CHARACTER_SET_RESULTS */;
/*!40101 SET COLLATION_CONNECTION=@OLD_COLLATION_CONNECTION */;
